id,domain,status,purchase_price,renewal_price,attractiveness,demand,length,registrar,created_at,expires_at,status_verified_at
c9dae4b7-c3ca-4283-840b-834618973765,colly.feedback,available,9.98,489.98,medium,low,5,namecheap,,,14/08/2026 09:17
94fa635e-692d-4747-9f6a-6b65f389430e,fidgety.feedback,available,9.98,489.98,medium,low,7,namecheap,,,05/08/2026 20:32
b9a8ef9a-b023-4bf4-9398-527c6573850f,majuscule.feedback,available,9.98,489.98,medium,low,9,namecheap,,,24/08/2026 13:26
fa11708d-e968-4af1-97b1-da0261aa3f6d,fisheye.feedback,available,9.98,489.98,high,low,7,namecheap,,,18/08/2026 05:28
d10dc559-a4ac-4da4-ba75-4fc5175916e4,bataan.feedback,available,9.99,329.99,medium,low,6,namesilo,,,22/09/2026 13:10
17fa9d79-5eb7-484c-b3a0-9704cd009752,longways.feedback,available,9.98,489.98,medium,low,8,namecheap,,,22/08/2026 23:44
0416491d-3d3f-464a-a424-5c992bb2f643,isaacs.feedback,available,9.99,329.99,high,low,6,namesilo,,,29/09/2026 10:02
0ff29b35-d98f-4d45-b14d-5d8795503d5c,ferrous.feedback,available,9.98,489.98,medium,low,7,namecheap,,,18/08/2026 02:09
e4457467-ced7-4c12-9131-2a037afd333a,bulldog.feedback,available,9.99,329.99,high,low,7,namesilo,,,24/09/2026 11:08
946d927e-7e72-4bd7-ad22-44ee8312b660,dazzlingly.feedback,available,9.98,489.98,medium,low,10,namecheap,,,14/09/2026 10:58
e3c23b75-5c66-4cba-ad2a-ec90a6a35595,dahl.feedback,available,9.99,329.99,high,low,4,namesilo,,,28/09/2026 09:14
b02b661d-cb49-49ba-9f7d-7709ad37354a,bulge.feedback,available,9.98,489.98,high,low,5,namecheap,,,08/09/2026 23:47
7a2f7b80-c392-4a22-87c0-4f58aac715be,tabu.feedback,available,9.98,489.98,high,low,4,namecheap,,,18/08/2026 11:04
82a2b94b-cbc8-49bd-949f-3f96aebcba62,artaxerxes.feedback,available,9.99,329.99,medium,low,10,namesilo,,,20/09/2026 10:06
a4fd2606-3ee1-4cd9-a8f5-116f66375d7f,fruitfully.feedback,available,9.98,489.98,high,low,10,namecheap,,,14/09/2026 20:27
61fdac8a-c810-4e86-80d2-a606034ca23b,favored.feedback,available,9.98,489.98,high,low,7,namecheap,,,22/09/2026 20:01
307cd4f3-175f-4599-a0b7-2452db1865b6,faddy.feedback,available,9.98,489.98,medium,low,5,namecheap,,,17/08/2026 20:35
9799fd73-022e-4d8c-b311-0f664ff34463,threshold.feedback,available,9.99,329.99,high,low,9,namesilo,,,24/09/2026 10:33
bc071f48-32b1-4c96-8294-c1ce0a8825ca,seriously.feedback,available,9,310.7,medium,low,9,spaceship,,,28/09/2026 13:17
c3ddc82d-767d-4516-9b4d-a943fdb8d713,arenga.feedback,available,9.99,329.99,medium,low,6,namesilo,,,20/09/2026 03:43
c70f002e-cdb4-4668-93c3-2c97dce21313,unthankful.feedback,available,9.98,489.98,medium,low,10,namecheap,,,11/09/2026 12:29
d3afcacb-50e7-4e53-bbc4-8835801bfd83,bradbury.feedback,available,9,310.7,high,low,8,spaceship,,,28/09/2026 13:35
69c058ea-4a11-490d-ace2-c3ab7ff52b83,transported.feedback,available,9.99,329.99,medium,low,11,namesilo,,,16/09/2026 07:05
82769443-1e2f-409f-b9f3-df822ddd4eca,mrna.feedback,available,9.98,489.98,high,low,4,namecheap,,,25/09/2026 23:11
dfe8ac1e-658c-4911-8e4e-9545289d165e,zanzibar.feedback,available,15.99,,high,low,8,name.com,,,
ffb88655-1680-402e-80a8-a6dad81bc4e0,pcr.feedback,premium,9,414.2,high,low,3,spaceship,,,28/09/2026 03:30
8240ec6b-7db8-4fd4-a5cc-f57c1877f325,bowling.feedback,available,9.98,489.98,high,low,7,namecheap,,,27/09/2026 03:22
1153b9ea-b97f-43a7-9e67-03cfc56a12f5,engorge.feedback,available,9.99,329.99,medium,low,7,namesilo,,,23/09/2026 17:25
19e438dd-d965-46d4-a20b-0cdd9a44fcd7,xlviii.feedback,available,9.98,489.98,medium,low,6,namecheap,,,
b1b78843-3c2b-4f65-a342-e60a2f2d1f36,asylum.feedback,available,9.98,489.98,high,low,6,namecheap,,,20/09/2026 18:37
e6b24913-aa7c-4a39-bde6-cf2fdef87bca,unassisted.feedback,available,9.98,489.98,high,medium,10,namecheap,,,10/09/2026 08:26
9fe8e38c-107d-49b3-a090-9de11f7042ea,yamaguchi.feedback,available,9.99,329.99,medium,low,9,namesilo,,,29/09/2026 23:46
b6a98dc2-f281-46d4-988b-047ead619516,acheron.feedback,available,9.99,329.99,medium,low,7,namesilo,,,17/09/2026 00:29
980d149c-cd5e-4b22-8232-a1c524bcf3bc,transitory.feedback,available,9.98,489.98,medium,low,10,namecheap,,,17/08/2026 10:19
19dda8f0-d9ba-4b25-8dfc-af47014cb905,verifying.feedback,available,9.98,489.98,high,low,9,namecheap,,,12/08/2026 20:56
dee5296f-6f34-4d0b-b60e-ba86abe96774,boar.feedback,available,9.99,321.22,high,low,4,dynadot,,,29/09/2026 11:44
8849aa65-2616-46e5-bba1-2088b2e86e43,clunky.feedback,available,9.98,489.98,medium,low,6,namecheap,,,12/08/2026 13:08
8aac380d-b5e2-480f-b3f3-160e4fd0fb93,hereabout.feedback,available,9.98,489.98,medium,low,9,namecheap,,,15/09/2026 00:18
0cd7181a-0f23-45e2-a1f4-7fe4328b4262,pyle.feedback,available,9.99,321.22,high,low,4,dynadot,,,29/09/2026 07:17
a7e2c60e-ea4c-4c96-b506-6580cd226033,toxicant.feedback,available,9.98,489.98,medium,low,8,namecheap,,,08/09/2026 22:42
79a3df8e-0564-423c-8adf-187d0cd23e4a,calendars.feedback,available,9.98,489.98,medium,low,9,namecheap,,,16/09/2026 19:52
5c07aba4-5ecb-45eb-86fa-dc49e6678138,extrinsic.feedback,available,9.98,489.98,medium,low,9,namecheap,,,17/08/2026 19:37
9fca31a1-0e06-45ea-a1be-3cd9953cfd56,sucked.feedback,available,9.99,329.99,medium,low,6,namesilo,,,18/09/2026 04:29
6389904c-e6e7-4a16-9b34-7ddde6734294,balkans.feedback,available,9.99,329.99,medium,low,7,namesilo,,,21/09/2026 22:15
93b2d971-f1c7-4656-9839-fbfeff3e411d,rejected.feedback,available,9.98,489.98,medium,low,8,namecheap,,,25/09/2026 11:50
cf0d1872-7a8c-4a1d-be32-a72c09d64f83,proximal.feedback,available,9.98,489.98,high,low,8,namecheap,,,09/09/2026 04:44
c658942d-54a6-454b-bb7a-ebf322add33e,oak.feedback,premium,560,560,high,low,3,namecheap,,,
c1f16ae1-4a9f-4256-b13d-6e0accc8904a,carefree.feedback,available,9.98,489.98,high,medium,8,namecheap,,,11/08/2026 19:01
d93f15c4-2d1d-43e6-a2d6-03dc8ba68b87,unsold.feedback,available,9.98,489.98,medium,low,6,namecheap,,,12/09/2026 20:17
702cc30a-7a2b-4e7a-a360-1983a47c8d16,ahuh.feedback,available,15.99,,medium,low,4,name.com,,,
91e12491-a14e-43f4-a135-05124a31cabc,cluttered.feedback,available,9.98,489.98,medium,low,9,namecheap,,,12/08/2026 13:12
cbdfab24-c469-4226-8510-6ea70d91362d,whitish.feedback,available,9.98,489.98,medium,low,7,namecheap,,,24/08/2026 23:06
2e54f446-4798-4b2e-a25a-0f1fb7ad378d,midst.feedback,available,9.98,489.98,medium,low,5,namecheap,,,11/09/2026 13:11
3ae2fe24-0c9e-4728-abde-6b9ca2b9d6a4,nonchalant.feedback,available,9.98,489.98,high,low,10,namecheap,,,11/08/2026 20:36
2a13a84b-cf5a-4f6e-bab1-87547f092603,zimmermann.feedback,available,9.99,321.22,high,low,10,dynadot,,,29/09/2026 22:20
2d9d3195-05d4-4a30-a43e-5445ef2b3812,unsafe.feedback,available,15.99,799.99,high,low,6,name.com,,,13/08/2026 17:17
810990e8-d0c8-4e55-8292-8348c3565984,viewpoint.feedback,available,9,310.7,high,low,9,spaceship,,,29/09/2026 20:00
fe695a91-2c76-45b9-8aa6-aa010ce90f41,trickily.feedback,available,9.98,489.98,low,low,8,namecheap,,,14/09/2026 09:11
a57c9715-364e-4e51-aac3-5a635064ddef,ans.feedback,premium,512,512,high,low,3,namesilo,,,19/09/2026 12:01
9bec45ec-e61b-4ff8-a925-3fb0e1433ed1,lxii.feedback,available,9.98,489.98,medium,low,4,namecheap,,,
4218d99c-c71c-4834-bbcb-d0474daa1094,monkshood.feedback,available,9.99,329.99,medium,low,9,namesilo,,,17/09/2026 02:11
77fdd9a8-05d0-41ec-9d44-6b3d9f08bcf3,rabid.feedback,available,9.98,489.98,medium,low,5,namecheap,,,17/08/2026 21:52
ca5ad3b8-54fd-40c3-84bd-5f43f3ef26d1,abenaki.feedback,available,9.98,489.98,high,low,7,namecheap,,,
a1402f87-d3a2-4c73-bb13-e1029956c5af,lavoisier.feedback,available,9.99,329.99,medium,low,9,namesilo,,,19/09/2026 15:25
f35bae22-25f5-4c2d-9027-8dfb1e9cdedf,peptic.feedback,available,9.98,489.98,medium,low,6,namecheap,,,08/09/2026 15:53
9cc54975-5a94-4d7e-ba69-6217f8514679,borrow.feedback,available,15.99,,high,low,6,name.com,,,
5d0ea32d-5b26-40e3-bc88-15800461e184,nought.feedback,available,9.99,329.99,high,low,6,namesilo,,,21/09/2026 10:34
536d4a17-4cb8-435b-9517-d1b04dd0a8a2,linguistic.feedback,available,9.98,489.98,high,low,10,namecheap,,,23/08/2026 15:05
4d527dca-14a3-4a4e-897b-c9e37d2aadf3,ixc.feedback,premium,11.05,520,medium,low,3,namecheap,,,
7350c0b4-0788-42cc-a8db-eea0cd36686e,heartening.feedback,available,9.98,489.98,high,low,10,namecheap,,,21/08/2026 02:09
85a1f595-d79c-4f19-91a9-71376686cca5,realm.feedback,available,9,310.7,high,low,5,spaceship,,,28/09/2026 14:39
6b23c8c3-408c-4079-9f13-8cf462ccb326,vacancy.feedback,available,9,310.7,high,low,7,spaceship,,,29/09/2026 20:34
fb44fede-9c09-419b-8db0-6baaee39e192,pusher.feedback,available,9.99,329.99,high,low,6,namesilo,,,21/09/2026 13:22
ca2b0949-eff9-460d-b58e-012fd531b529,lavishly.feedback,available,9.98,489.98,medium,low,8,namecheap,,,15/09/2026 11:03
52e3d994-56f5-49a9-853c-993a6260869f,pirates.feedback,available,9.99,329.99,high,medium,7,namesilo,,,28/09/2026 04:59
523d76f4-c854-424a-8f83-a7bed3bd2700,amylaceous.feedback,available,9.98,489.98,medium,low,10,namecheap,,,
7b6bc03d-bd88-4493-9a42-315da9253830,absentee.feedback,available,9.98,489.98,medium,low,8,namecheap,,,16/09/2026 17:43
e385e57c-5711-4ffd-b5d3-7a1337c18297,perforated.feedback,available,9.98,489.98,high,low,10,namecheap,,,08/09/2026 16:52
ef9622e1-9983-4dd2-9829-a22a6f7b0da0,binger.feedback,available,9.99,329.99,medium,low,6,namesilo,,,23/09/2026 17:33
ca46efcf-6414-46ba-abd4-459b95f8b17c,spellbound.feedback,available,9.98,489.98,high,low,10,namecheap,,,17/08/2026 22:54
4eada1ac-9fd9-4150-ab31-65ce9f843138,theatrical.feedback,available,9.98,489.98,high,low,10,namecheap,,,11/09/2026 12:33
cd526989-59af-441b-b64f-cb7afe5b97f9,toffee.feedback,available,9.98,489.98,high,low,6,namecheap,,,11/08/2026 04:53
e1804d9e-bcfb-43a4-af81-cae0469a871d,shift.feedback,available,300.2,300.2,high,medium,5,cloudflare,,,27/09/2026 21:11
e215d532-756a-4f4d-913f-7756a3d609db,monacan.feedback,available,9.98,489.98,medium,low,7,namecheap,,,25/08/2026 04:01
4851f40a-780d-4227-b2b6-e4d5ab71785d,arkansan.feedback,available,9.99,329.99,medium,low,8,namesilo,,,20/09/2026 06:11
7151e952-cb5f-4356-8e31-4130a92a5f3e,blok.feedback,available,9.98,489.98,high,low,4,namecheap,,,18/09/2026 05:01
a3f9bc32-180a-44cf-b3c0-c3380a87d22c,ballock.feedback,available,9.99,329.99,medium,low,7,namesilo,,,21/09/2026 23:03
69f82ac2-f8e2-4e38-8676-be75a66a884d,spend.feedback,available,15.99,,high,low,5,name.com,,,
48f6c2e8-8db8-4975-bde9-35f737afd219,necklace.feedback,available,300.2,300.2,high,low,8,cloudflare,,,27/09/2026 14:59
672697d3-15ce-4117-b77c-4738073a84c9,outlook.feedback,available,9,310.7,high,high,7,spaceship,,,29/09/2026 18:37
f8b01809-2b24-4387-b91e-ef3145d25434,adoptive.feedback,available,9.98,489.98,high,low,8,namecheap,,,
ffa7e2b7-2a49-40af-a12a-9c754b4be78b,pergola.feedback,available,9.99,329.99,medium,low,7,namesilo,,,20/09/2026 01:00
1d155226-05e6-403b-a103-804cbe770866,prescribed.feedback,available,9.98,489.98,medium,low,10,namecheap,,,13/08/2026 22:17
e795eaef-47eb-4110-871a-aaa2279480d5,stamp.feedback,available,9.99,329.99,high,low,5,namesilo,,,23/09/2026 01:04
670a42e3-bb25-4a83-8b14-95ec2f6794d7,haig.feedback,available,9.99,329.99,medium,low,4,namesilo,,,28/09/2026 12:12
a36c9ad4-ccf5-4a29-820f-a240bfba3625,taped.feedback,available,9.98,489.98,high,low,5,namecheap,,,11/09/2026 08:15
56327dd8-070b-4b13-8114-5b70859120f1,reformable.feedback,available,9.98,489.98,high,medium,10,namecheap,,,09/09/2026 12:43
51d54dfe-f379-4798-b0fb-5b187fe074c1,pumped.feedback,available,300.2,300.2,high,low,6,cloudflare,,,29/09/2026 03:14
8ec3cccd-df7b-49b8-bb8f-c8f83ec4090b,agapanthus.feedback,available,9.99,329.99,medium,low,10,namesilo,,,17/09/2026 16:11
41865807-0008-4564-a01e-825adef3ab2e,arafat.feedback,available,9.99,329.99,medium,low,6,namesilo,,,19/09/2026 23:42
a7e2c80f-1855-432c-8664-8012544036e2,abkhazia.feedback,available,15.99,799.99,medium,low,8,name.com,,,16/09/2026 16:03
03059bbf-407a-48ad-89ce-d305d8e265b2,ague.feedback,available,9.98,489.98,medium,low,4,namecheap,,,
ca0dcb4f-03ab-49e8-92dd-26f2c5815f5e,endocrine.feedback,available,9.98,489.98,high,low,9,namecheap,,,17/08/2026 01:00
1da01a5c-933d-4c7d-8d22-41b3ceb441d8,slit.feedback,available,9.98,489.98,high,medium,4,namecheap,,,09/09/2026 06:39
704f448d-9c8d-40b5-9659-83cc0c790020,salazar.feedback,available,300.2,300.2,medium,low,7,cloudflare,,,28/09/2026 12:15
4cfa94ad-92a0-43c9-9999-d77f6b5646c2,farmington.feedback,available,9,310.7,high,low,10,spaceship,,,28/09/2026 05:41
517a297e-8c36-4718-b515-e7d86f097402,ttyl.feedback,available,15.99,,medium,low,4,name.com,,,
7c019fea-3b1a-4063-967d-0740d76ba641,bns.feedback,premium,11.05,520,high,low,3,namecheap,,,21/09/2026 14:15
1f3e00a5-51b7-4d52-a441-00b5c7692369,unlocking.feedback,available,15.99,,high,low,9,name.com,,,
59ac8d91-aae0-486b-9589-3a6fdeb9923f,numerous.feedback,available,9.98,489.98,high,low,8,namecheap,,,22/08/2026 23:01
5ea39bb9-cc96-4d76-b8a1-7793c78aab24,spontaneous.feedback,available,15.99,,high,low,11,name.com,,,
1e371404-f2eb-47c3-af2c-e7fb7be9e43b,whimsical.feedback,available,9.98,489.98,high,low,9,namecheap,,,13/09/2026 11:24
1d9c5596-babd-4c3e-98e7-ef121ad7b3dc,ashtoreth.feedback,available,9.99,329.99,medium,low,9,namesilo,,,20/09/2026 14:02
36f867f9-449e-4c69-9be0-61c299d31db9,malawian.feedback,available,9.98,489.98,high,low,8,namecheap,,,24/08/2026 13:40
ddea0dd7-2ef6-4dbe-8c96-1c18c387e152,finally.feedback,available,300.2,300.2,high,low,7,cloudflare,,,28/09/2026 12:41
97cc0deb-6350-4ffe-842d-c3ac6bbdd72f,euphonic.feedback,available,9.98,489.98,high,low,8,namecheap,,,17/08/2026 14:13
4ab38673-be47-40f7-8f21-f91ad3cbf3e8,adaptable.feedback,available,9.99,329.99,high,low,9,namesilo,,,21/09/2026 16:52
6d59a540-ae5c-406d-856a-227e32613b75,surprise.feedback,available,15.99,,high,low,8,name.com,,,
4fc122ed-b996-496e-8f0b-c4734cf9f127,aeriform.feedback,available,9.98,489.98,medium,low,8,namecheap,,,
f4ec44b6-4bb4-4ea5-b826-91070fdd875e,occasions.feedback,available,9.99,329.99,high,low,9,namesilo,,,28/09/2026 14:59
e65dc087-ef87-45dc-a5d0-f4c4541a627f,lapsing.feedback,available,9.98,489.98,medium,low,7,namecheap,,,09/09/2026 16:15
495354d8-935a-4ea9-aaca-caa7ae616ae2,negligence.feedback,available,9.99,329.99,high,low,10,namesilo,,,29/09/2026 07:40
4ee77f38-0418-4689-98df-1c86200b9304,briton.feedback,available,9.98,489.98,high,low,6,namecheap,,,11/08/2026 04:48
ddd9587d-8dd3-40d9-82b6-9a0414d9840c,higgs.feedback,available,9,310.7,high,low,5,spaceship,,,29/09/2026 14:20
a058e43d-ceb9-402d-8d9e-9dbd1b07a0b0,joining.feedback,available,9.99,329.99,high,low,7,namesilo,,,25/09/2026 23:20
1622bdc9-5923-4c75-a22b-9503fdf69b00,finch.feedback,available,9.27,309.47,high,low,5,porkbun,,,29/09/2026 06:55
8b842667-77d7-4276-8e22-dfb45923086a,gradable.feedback,available,9.98,489.98,high,low,8,namecheap,,,08/09/2026 03:31
6a11e768-8ffe-44cc-a1ea-4c18aaf9acba,acetum.feedback,available,9.99,329.99,medium,low,6,namesilo,,,17/09/2026 00:18
40f06e5e-e613-4385-9bd4-2245bc16ddb0,covert.feedback,available,9.99,329.99,high,low,6,namesilo,,,24/09/2026 00:53
6c5e6161-8b33-4414-b451-637a752417f4,rom.feedback,premium,,,high,low,3,,,,28/09/2026 19:13
bf61a97b-0d27-4536-a3b9-a1747933f695,intention.feedback,available,9.98,489.98,high,low,9,namecheap,,,22/08/2026 07:55
dc9730de-e105-42c3-800c-328ee76a871c,moveable.feedback,available,9.98,489.98,high,low,8,namecheap,,,25/08/2026 09:05
53a8f086-7910-408d-90a2-083c66f5442a,amhara.feedback,available,9.98,489.98,high,low,6,namecheap,,,18/09/2026 21:12
94bb82f3-88c0-479c-9b7b-e8e8461a8147,wrong.feedback,available,9.99,329.99,high,low,5,namesilo,,,25/09/2026 07:41
e1bf38d4-da7a-403e-a436-86365c251250,recession.feedback,available,9.99,329.99,high,low,9,namesilo,,,27/09/2026 10:55
cd0927e7-6ed9-493b-8014-fd3f28c7c654,unstressed.feedback,available,9.98,489.98,medium,low,10,namecheap,,,12/09/2026 20:37
6e1d7e7f-f58e-494c-98ac-73a0c798ddc3,unquiet.feedback,available,9.98,489.98,medium,low,7,namecheap,,,12/09/2026 17:40
c653338e-4e62-45a1-a6c8-18bacd9c5a75,swinburne.feedback,available,9.99,329.99,medium,low,9,namesilo,,,18/09/2026 07:03
4316badb-ab2a-4ec5-9c1d-8984d20bf170,parody.feedback,available,9.99,329.99,high,low,6,namesilo,,,23/09/2026 11:34
7abae119-169e-4e8b-a444-575495442fb9,demoralize.feedback,available,9.98,489.98,medium,low,10,namecheap,,,13/08/2026 02:16
8b3bc1e5-2fdb-4957-83eb-43166c1c0712,ahimsa.feedback,available,9.98,489.98,high,low,6,namecheap,,,17/09/2026 20:23
ef98ac4a-fc1c-4768-ac4b-b1a171bb66c4,coaster.feedback,available,300.2,300.2,high,low,7,cloudflare,,,28/09/2026 18:46
348fc7d0-4ccc-42fe-99fc-a4f3979a750a,chiseled.feedback,available,9.98,489.98,medium,low,8,namecheap,,,12/08/2026 06:05
6fcdbd00-7d06-4d95-b3f3-88eb5a15f41a,bettering.feedback,available,9.98,489.98,high,low,9,namecheap,,,09/08/2026 18:11
32c0d50f-dbc3-4853-a869-6d9c4bd7707c,queasy.feedback,available,9.98,489.98,medium,low,6,namecheap,,,24/08/2026 08:26
33596d52-2dbe-474a-801f-3fb67e0be714,algebraic.feedback,available,9.98,489.98,high,low,9,namecheap,,,
24cb710c-bc3e-495c-876c-e941318cc5a2,notion.feedback,available,300.2,300.2,high,low,6,cloudflare,,,29/09/2026 23:40
3cfcb3c0-fe8c-4cf1-8126-f4f77193f3ad,traceable.feedback,available,9.98,489.98,high,low,9,namecheap,,,11/09/2026 18:33
383b2fce-016b-46d6-9cbf-8b09e1dea8ba,arboreous.feedback,available,9.98,489.98,medium,low,9,namecheap,,,06/08/2026 12:59
caa879be-f890-42fb-bc5e-aae25d406ea8,comely.feedback,available,9.98,489.98,high,low,6,namecheap,,,09/08/2026 06:13
7c2b2497-bcbb-4462-adc8-cab7f3a7aef1,everlasting.feedback,available,300.2,300.2,high,low,11,cloudflare,,,29/09/2026 08:43
67164326-afdc-4ff4-94f4-789bbb767fb1,muffled.feedback,available,9.98,489.98,medium,low,7,namecheap,,,03/09/2026 10:26
f33624a5-6628-4ec6-87ad-91a45bc960b7,bartlett.feedback,available,9.99,329.99,high,low,8,namesilo,,,22/09/2026 09:19
425285a1-9d60-41ed-b2ba-aed228edac42,exaggerate.feedback,available,15.99,,high,low,10,name.com,,,
41549b66-3663-42b6-8be0-5287ce816c38,sleazy.feedback,available,9.98,489.98,medium,low,6,namecheap,,,11/08/2026 09:04
b4879cc5-1c71-4a48-bc17-4bff0b48cba8,slowness.feedback,available,9,310.7,medium,low,8,spaceship,,,28/09/2026 23:49
afd3e339-638e-4c9a-9273-5538d7a13d9e,unbroken.feedback,available,9.98,489.98,high,low,8,namecheap,,,22/08/2026 15:36
7cbbd9ac-301b-48c4-8412-318bf208de33,circles.feedback,available,9.27,309.47,high,high,7,porkbun,,,27/09/2026 23:59
cada62be-5e0d-4aa9-8755-d17c2c203a33,estuaries.feedback,available,9,310.7,low,low,9,spaceship,,,28/09/2026 12:58
1d621215-edd1-4399-a797-33a24a4b9e02,bulbous.feedback,available,9.98,489.98,medium,low,7,namecheap,,,09/08/2026 13:39
2c5b4aac-d7ee-4f8c-86a1-a3f44bc83688,coagulate.feedback,available,9.98,489.98,medium,low,9,namecheap,,,12/08/2026 13:27
5937b352-85f6-4992-8a03-e7c821d283c4,adding.feedback,available,15.99,,high,low,6,name.com,,,
95430058-81ce-4e49-9755-ed17c9827e9e,tetragon.feedback,available,9.98,489.98,medium,low,8,namecheap,,,09/09/2026 07:24
3fbbf129-3dc8-44d4-b994-4ea46fe99e36,pocahontas.feedback,available,9,310.7,high,low,10,spaceship,,,29/09/2026 07:34
deb9c351-13bd-416d-ae74-ecb4fc264a22,notifies.feedback,available,9.98,489.98,medium,low,8,namecheap,,,18/09/2026 08:35
d778e5ed-3567-4c93-9927-0603145642b5,tomatoes.feedback,available,9.99,321.22,medium,low,8,dynadot,,,28/09/2026 12:33
cf430efe-4c21-4a09-906f-1debebc0a17a,folklore.feedback,available,9.99,329.99,high,low,8,namesilo,,,30/09/2026 01:40
a368d173-1765-4c5f-9f68-b1e5c7c8f2a7,fathers.feedback,available,9.99,329.99,medium,low,7,namesilo,,,27/09/2026 09:58
d2fe49cc-eceb-4064-90f2-7cc90feb892b,interests.feedback,available,9.99,329.99,high,low,9,namesilo,,,25/09/2026 16:44
a042890a-fe57-4747-8c45-8e00c8750fdd,beastly.feedback,available,9.98,489.98,medium,low,7,namecheap,,,09/08/2026 04:54
ea2921f6-accd-4f6f-8b46-0a5a8f4570bc,actuary.feedback,available,9.99,329.99,high,low,7,namesilo,,,17/09/2026 05:21
882c9837-6db4-408f-94cb-f83d4839447f,complain.feedback,available,9.98,489.98,high,low,8,namecheap,,,27/09/2026 03:57
0fc2a7fd-e255-4322-abff-0816001104ae,skunk.feedback,available,9.98,489.98,high,low,5,namecheap,,,11/08/2026 09:13
d6595203-b5b2-4744-b272-9f1a764fe661,inchoate.feedback,available,9.98,489.98,medium,low,8,namecheap,,,22/08/2026 01:16
513db2aa-8513-4d9b-85e4-93ef49b58887,faddish.feedback,available,9.98,489.98,medium,low,7,namecheap,,,17/08/2026 20:33
b5c7932d-434e-4917-8c51-a67c248d8e88,brainwash.feedback,available,15.99,,high,low,9,name.com,,,
d1175ac6-34a8-4ee1-8353-ff69b8192e0b,wesleyan.feedback,available,9.98,489.98,high,low,8,namecheap,,,24/08/2026 22:00
51db32d1-706f-4f7c-9104-d229f6a34641,arctic.feedback,available,9.98,489.98,high,low,6,namecheap,,,06/08/2026 16:07
8d00a5e5-1785-4854-a495-40fcd0a67264,allegretto.feedback,available,9.98,489.98,high,low,10,namecheap,,,
819653e4-6bbc-4cd1-8810-3d451929137a,orpine.feedback,available,9.98,489.98,medium,low,6,namecheap,,,24/08/2026 07:58
67f4e92c-b0f4-4157-a42a-e46aaaeca420,indoor.feedback,available,9.98,489.98,high,low,6,namecheap,,,16/09/2026 19:42
3d8cbf34-e72d-465c-b3ea-9bd6999e3101,guilt.feedback,available,300.2,300.2,high,low,5,cloudflare,,,29/09/2026 21:42
6f2e6875-189d-49dd-af25-7a3b8a0b33e2,andromeda.feedback,available,9,310.7,high,medium,9,spaceship,,,28/09/2026 21:22
35d2ca35-5ccf-4ba9-8126-c62ae8547828,churchly.feedback,available,9.98,489.98,medium,low,8,namecheap,,,12/08/2026 07:48
9882bb3e-eb76-412e-b49c-b63799b1b815,sanity.feedback,available,300.2,300.2,high,low,6,cloudflare,,,29/09/2026 13:55
1d5e7abe-ad1c-4e47-b97e-6df55c2c91d0,asclepius.feedback,available,9.98,489.98,medium,low,9,namecheap,,,17/09/2026 13:21
9036e9d2-6f52-498f-b721-10b99bd412e8,architrave.feedback,available,15.99,799.99,medium,low,10,name.com,,,20/09/2026 02:17
7412d2d2-ef29-4cbf-af40-314ac14df47b,sundown.feedback,available,9.98,489.98,high,low,7,namecheap,,,11/09/2026 02:12
4e07a67b-db6d-43c8-9916-169b5d17cc42,commissioner.feedback,available,300.2,300.2,high,low,12,cloudflare,,,27/09/2026 17:50
ff6423bb-c743-4c31-bca6-5b5bca3d03c9,shoed.feedback,available,9.98,489.98,high,medium,5,namecheap,,,10/09/2026 06:43
c60d7c23-5124-4c19-a2cd-ac5e989c2304,expelled.feedback,available,9,310.7,low,low,8,spaceship,,,28/09/2026 12:50
7d42a5a6-0387-48e2-827c-18c910a621ec,daft.feedback,available,9.98,489.98,high,low,4,namecheap,,,06/08/2026 20:50
5c5bea1d-b7a0-46d5-a27d-52bb76fec4d0,batsman.feedback,available,9.99,329.99,high,low,7,namesilo,,,22/09/2026 14:19
e09cb32d-9481-42ff-8585-95fd46e6136f,reversion.feedback,available,9.98,489.98,high,low,9,namecheap,,,09/09/2026 16:19
fdf36b49-be21-4de8-b6d6-49b533ec6279,whites.feedback,available,9.99,329.99,high,low,6,namesilo,,,28/09/2026 16:57
9641ec7f-d87e-47c3-baf8-0fcd54f355e5,beldame.feedback,available,9.98,489.98,medium,low,7,namecheap,,,23/09/2026 04:46
4439f326-0b8e-4203-9afc-5bc9fdf0f670,backslider.feedback,available,9.99,329.99,medium,low,10,namesilo,,,21/09/2026 15:58
8a0e93d6-725c-4298-88ae-72764e5196e7,overriding.feedback,available,9.98,489.98,high,low,10,namecheap,,,04/09/2026 21:39
f4ec1fe2-8f74-4ae9-a0b4-3f3f5d87130d,hierarchic.feedback,available,9.98,489.98,high,low,10,namecheap,,,21/08/2026 08:20
13bea648-7c41-47fb-96cd-9c45db921733,hairdryers.feedback,available,9.99,329.99,medium,low,10,namesilo,,,20/09/2026 13:02
df6afbf3-8dc8-4dc3-8310-c92928350f3e,mozart.feedback,available,9.99,329.99,high,low,6,namesilo,,,28/09/2026 14:56
99d649eb-26c0-466b-8d89-90e15ee379e9,complication.feedback,available,300.2,300.2,medium,low,12,cloudflare,,,29/09/2026 23:25
4d2447a3-9b0e-42ad-937c-4f56f015148e,darkish.feedback,available,15.99,799.99,medium,low,7,name.com,,,13/08/2026 18:14
c0cd5b1c-c3a8-411e-a8c6-159ae48e3f38,aqualung.feedback,available,9.99,329.99,high,low,8,namesilo,,,19/09/2026 22:54
06bdb594-7556-4ee7-b55f-68360c4f49df,admitted.feedback,available,9,310.7,medium,low,8,spaceship,,,27/09/2026 22:14
1cc8823f-9b0e-4a3b-9fe9-a9137cb7dc7c,pentagon.feedback,available,9.99,329.99,high,low,8,namesilo,,,28/09/2026 06:34
9b1ecc72-81a2-465e-be83-cb310eb3eda8,shaping.feedback,available,9.98,489.98,high,low,7,namecheap,,,10/09/2026 05:59
9bb5a00b-6592-4fd4-8e83-179b71447def,lapidary.feedback,available,9.98,489.98,medium,low,8,namecheap,,,22/08/2026 19:40
22d25d34-3158-454b-b386-808b60fe9c0a,frugally.feedback,available,9.98,489.98,medium,low,8,namecheap,,,14/09/2026 20:25
5bd32be9-e86d-4767-88a4-5bfa8ae3cd4a,ochs.feedback,available,9.99,329.99,high,low,4,namesilo,,,17/09/2026 09:36
44dd30cd-bed5-42d7-98de-fc12d7cf2ad0,kangaroo.feedback,available,300.2,300.2,high,low,8,cloudflare,,,29/09/2026 07:23
97d15a8f-0233-4f96-935c-21412232a66d,prate.feedback,available,9.99,329.99,medium,low,5,namesilo,,,23/09/2026 23:29
29737fa2-141e-432c-8de3-4f30014b6a29,antisemitism.feedback,available,9.99,329.99,medium,low,12,namesilo,,,29/09/2026 23:17
30cde615-55ce-495a-af59-bf534c54596a,acre.feedback,available,9.99,321.22,high,low,4,dynadot,,,28/09/2026 17:21
e9e81938-c589-40e7-bc60-4097a642fc2a,answerer.feedback,available,9.99,329.99,high,low,8,namesilo,,,19/09/2026 12:14
273a09da-fb75-4334-bdc4-9831c64cb46e,calciferol.feedback,available,15.99,799.99,high,low,10,name.com,,,13/08/2026 15:07
f95bfe63-51bc-4cc1-ba43-4ac8d2345ae4,touchdown.feedback,available,9,310.7,high,low,10,spaceship,,,28/09/2026 20:40
d2e9800a-70fa-44f2-84ac-c811b2fef1c9,waverly.feedback,available,9.99,329.99,medium,low,7,namesilo,,,29/09/2026 10:04
f63823f3-697b-4f42-bbb7-0df595669adc,amplifies.feedback,available,9.98,489.98,medium,low,9,namecheap,,,17/09/2026 20:54
ca33f6c6-dbf3-4e55-b29f-904afdb49b16,reactions.feedback,available,9,310.7,high,low,9,spaceship,,,29/09/2026 05:35
7b14d737-ab06-431c-b4c9-8f411fa5b53f,grueling.feedback,available,9.98,489.98,high,low,8,namecheap,,,06/08/2026 16:45
626b92fe-5fc0-433e-9dd0-6d725af17c93,peasant.feedback,available,9.98,489.98,high,low,7,namecheap,,,11/08/2026 07:35
aa9571fe-d529-44ca-baf2-252d53165499,taught.feedback,available,9.99,329.99,medium,low,6,namesilo,,,27/09/2026 02:04
74c3d485-e9ad-4d70-92ce-a16dca734ea1,shrieked.feedback,available,9.98,489.98,high,medium,8,namecheap,,,10/09/2026 06:53
4984e717-fbd2-4a19-8a19-74572ee7e706,mock.feedback,available,9.99,329.99,high,low,4,namesilo,,,25/09/2026 12:07
47bde9f8-697b-477c-9860-6974bf60f370,womanly.feedback,available,9.98,489.98,high,low,7,namecheap,,,13/09/2026 13:03
d8daeef9-6111-4dea-9f64-9800603b93b1,strabismus.feedback,available,9.98,489.98,medium,low,10,namecheap,,,10/09/2026 17:49
ff85039b-8fd9-4b43-af9a-c2cb4d67f33c,newborn.feedback,available,9.98,489.98,high,low,7,namecheap,,,03/09/2026 16:41
513833e1-46ff-4d3b-84ac-835c414a1df5,cdp.feedback,premium,9,414.2,high,low,3,spaceship,,,28/09/2026 03:37
d90d58b4-3081-4b39-81d7-f141dcdcea34,kurrat.feedback,available,9.98,489.98,medium,low,6,namecheap,,,18/09/2026 11:14
5994d5c9-1021-4af4-ace6-8851b3674e7a,moth.feedback,available,300.2,300.2,high,low,4,cloudflare,,,28/09/2026 19:56
5fd97e8b-4653-4d09-b354-12a17583129f,dreaded.feedback,available,9.98,489.98,medium,low,7,namecheap,,,14/08/2026 08:53
a487ae4e-178d-480f-8efd-722b434aa94e,entrenched.feedback,available,9.99,329.99,medium,low,10,namesilo,,,24/09/2026 14:13
6343ded5-1594-4832-b077-7fc4964e5a5d,anyway.feedback,available,9,310.7,high,low,6,spaceship,,,28/09/2026 12:17
0f9bb625-daa3-4568-b88d-31bacdcf8182,amharic.feedback,available,9.98,489.98,medium,low,7,namecheap,,,
1e0ffde2-28f7-404c-b257-ef9053bcd6ae,fiedler.feedback,available,9.99,329.99,high,low,7,namesilo,,,20/09/2026 10:50
d87e0e68-fa1a-4e31-a758-c37f8df6b18d,excellence.feedback,available,9,310.7,high,low,10,spaceship,,,29/09/2026 06:50
08b39ccc-ed7a-45a2-9c98-e5be18783562,branchy.feedback,available,9.98,489.98,medium,low,7,namecheap,,,11/08/2026 02:23
6818817b-ba6f-4957-a647-bda499ae200e,uncaring.feedback,available,9.98,489.98,medium,low,8,namecheap,,,12/09/2026 00:02
35ee6095-74d2-443a-9cd4-ef434fd48d8c,biotite.feedback,available,9.98,489.98,high,low,7,namecheap,,,23/09/2026 19:13
0c95524a-71cb-40a2-8c0d-a6ce115099d5,fascism.feedback,available,9.27,309.47,medium,low,7,porkbun,,,30/09/2026 01:35
deb11352-a89e-47ac-89ea-4dd753df35b7,ativan.feedback,available,9.98,489.98,medium,low,6,namecheap,,,20/09/2026 21:30
690b0156-2e96-461e-b91a-5a3e2fdcbaa2,lister.feedback,available,9.99,329.99,medium,low,6,namesilo,,,22/09/2026 07:14
d0e0a8a9-5bce-4639-8cca-8fc3d237c9f2,guillaume.feedback,available,9.99,329.99,high,low,9,namesilo,,,28/09/2026 04:52
76279268-d414-4407-b27c-6f2e3e4bb88c,prevent.feedback,available,15.99,,high,low,7,name.com,,,
986d8a0c-5e7c-4f42-91cb-adc05a429f68,nucleate.feedback,available,9.98,489.98,medium,low,8,namecheap,,,03/09/2026 22:24
2adcb64f-245e-4789-908c-26e535a83b54,blinded.feedback,available,9.98,489.98,medium,low,7,namecheap,,,10/08/2026 14:24
d128e992-cedb-4f9a-b943-151881d2cc5d,eventful.feedback,available,9.98,489.98,high,low,8,namecheap,,,12/08/2026 22:36
9b83a7a2-140f-4732-bd3e-42374ced7345,nympho.feedback,available,9.98,489.98,medium,low,6,namecheap,,,03/09/2026 23:18
03fe5828-2eb1-42c7-88e3-01b2bafe050f,relaxation.feedback,available,9.99,329.99,high,low,10,namesilo,,,29/09/2026 12:08
acf8521f-d9fd-4e3a-9a44-516f7d43afaf,tar.feedback,premium,9,414.2,medium,low,3,spaceship,,,29/09/2026 01:06
e46ff907-8612-4cde-8c0d-0073b58f2ee1,plea.feedback,available,300.2,300.2,high,low,4,cloudflare,,,28/09/2026 06:36
5fa5e3e3-893e-4233-a770-7b9a87f08b14,provable.feedback,available,9.98,489.98,high,low,8,namecheap,,,09/09/2026 04:24
79273d19-cbf3-4554-9c87-f786b09cedca,modish.feedback,available,9.98,489.98,high,low,6,namecheap,,,
756133d5-d600-42e1-9e23-6da498b7180c,trained.feedback,available,9.98,489.98,high,low,7,namecheap,,,28/09/2026 09:30
ab56114b-5c99-440d-ba84-44bf2dd19041,cheering.feedback,available,9.98,489.98,high,low,8,namecheap,,,12/08/2026 03:45
664fcd0a-0aab-4958-9f85-d63c1391c290,disposable.feedback,available,9.98,489.98,high,low,10,namecheap,,,14/08/2026 12:03
a5d679e9-d2f2-48ea-acc6-18651d3fa25e,enrico.feedback,available,300.2,300.2,medium,low,6,cloudflare,,,28/09/2026 13:31
5b04e0a4-5f06-44cc-a4b1-2f45eec1a757,bardolatry.feedback,available,9.99,329.99,medium,low,10,namesilo,,,22/09/2026 05:17
4c3201f5-5704-4329-9fe5-a49b2a0ac624,crisscross.feedback,available,9.98,489.98,high,low,10,namecheap,,,13/08/2026 07:25
6ad91b55-178a-4206-8638-4a24e64ad96e,qatari.feedback,available,9.98,489.98,high,low,6,namecheap,,,22/08/2026 15:09
c2e25c18-3a42-4f58-b14a-a20704f6956a,kathmandu.feedback,available,9,310.7,medium,low,9,spaceship,,,29/09/2026 06:13
2faddbc2-d314-49c2-8ba2-3bc4ca996b76,rasta.feedback,available,9.98,489.98,high,medium,5,namecheap,,,09/09/2026 10:30
eaeef9b6-7988-4216-b545-f57e1e9e396b,frilled.feedback,available,9.98,489.98,medium,low,7,namecheap,,,18/08/2026 15:49
8f30d9eb-a780-489a-bfd1-06a499c38544,polyphase.feedback,available,9.98,489.98,medium,low,9,namecheap,,,03/09/2026 10:52
71eed567-1b2d-48d0-aaa9-cd0b42f81358,mammary.feedback,available,9.98,489.98,medium,low,7,namecheap,,,24/08/2026 14:23
b22aba90-bba3-4b9f-b8f7-246f39834fe5,unnoted.feedback,available,9.98,489.98,medium,low,7,namecheap,,,04/09/2026 21:08
28a412ab-5077-43fd-b25c-f1399b22a268,adamantine.feedback,available,9.98,489.98,medium,low,10,namecheap,,,
405b07d3-e3a1-445e-9a48-1b81a879c1bb,atkins.feedback,available,9.98,489.98,high,low,6,namecheap,,,25/09/2026 17:28
34e45968-b4f3-4ae6-8f48-9958d935aa18,thus.feedback,available,300.2,300.2,high,low,4,cloudflare,,,28/09/2026 15:12
8c02c98c-3bf0-47a8-a0ce-f6ccb27fa8c1,malibu.feedback,available,9.98,489.98,high,low,6,namecheap,,,29/09/2026 03:32
aedf2cc9-bd25-448e-918f-aeedd09ee329,unredeemed.feedback,available,9.98,489.98,medium,low,10,namecheap,,,12/09/2026 17:55
73529dde-cd69-4d3c-a4d7-52f429f6fd01,sedgy.feedback,available,9.98,489.98,medium,low,5,namecheap,,,10/09/2026 01:38
6349a032-e7dd-4574-aa7e-7543a6fcc1f2,carrots.feedback,available,300.2,300.2,high,low,7,cloudflare,,,30/09/2026 00:15
b727ab07-aaec-4f82-926c-00cabd09ea46,detest.feedback,available,9.99,321.22,medium,low,6,dynadot,,,29/09/2026 22:18
8c94162f-9166-4791-acaa-e53ae9673039,gao.feedback,premium,512,512,high,low,3,namesilo,,,25/09/2026 06:16
3129120d-2805-4595-912b-341c45ccf39a,napkins.feedback,available,9.99,329.99,medium,low,7,namesilo,,,21/09/2026 05:52
e7c6d65b-cef0-4ac6-93b9-85e6c38d8dcd,costa.feedback,available,9.98,489.98,high,medium,5,namecheap,,,28/09/2026 18:47
3f70c3e6-425c-49f7-bdbc-b9a18be45527,whence.feedback,available,9.99,329.99,medium,low,6,namesilo,,,16/09/2026 11:28
040f5e36-001c-47ba-8ae4-3cc58d720c2d,schuyler.feedback,available,300.2,300.2,high,low,8,cloudflare,,,28/09/2026 04:05
0606265e-5b2f-422f-aa2f-6020fe546bdc,axone.feedback,available,9.99,329.99,high,low,5,namesilo,,,21/09/2026 10:31
b779129f-0084-4292-837e-b29745e85941,bryn.feedback,available,9.99,329.99,medium,low,4,namesilo,,,28/09/2026 07:45
578cb82c-e911-4424-80f3-935c4ae35c4e,anechoic.feedback,available,9.98,489.98,medium,low,8,namecheap,,,
d96ce208-a714-4589-89ef-5a1d27034c02,shaft.feedback,available,9,310.7,high,low,5,spaceship,,,29/09/2026 01:04
98c40566-be29-4132-92ac-4b243dc0a28a,orchestral.feedback,available,9.98,489.98,high,low,10,namecheap,,,04/09/2026 17:42
e55cf38b-e7c0-487c-b3ea-508e0ad0073f,postcard.feedback,available,300.2,300.2,high,low,8,cloudflare,,,29/09/2026 13:21
d6d3f504-2d3b-4033-9459-600c43258cd4,bedspread.feedback,available,9.99,329.99,high,low,9,namesilo,,,22/09/2026 22:52
ef0bbee0-863c-4a25-adf3-2b6957dab8c9,assurgent.feedback,available,9.98,489.98,medium,low,9,namecheap,,,07/08/2026 08:26
231a99ed-0c62-4a0e-b485-42847e219908,monday.feedback,available,15.99,,high,low,6,name.com,,,
fa584770-b8fb-40df-8e87-7e260c880af2,mata.feedback,available,300.2,300.2,high,low,4,cloudflare,,,28/09/2026 21:09
0898505e-07c1-4144-bb1a-f5e56616033e,untalented.feedback,available,9.98,489.98,medium,low,10,namecheap,,,11/09/2026 07:26
013c83ec-d027-48c4-9f7b-49fca768c7c6,warp.feedback,available,9,310.7,high,medium,4,spaceship,,,29/09/2026 13:37
e59de738-6dab-4bed-8092-2d46b52d7af9,farewell.feedback,available,9.27,309.47,high,low,8,porkbun,,,28/09/2026 01:53
109d9aeb-f3cb-4e6a-898e-afc1ee6519be,spatially.feedback,available,9.99,329.99,medium,low,9,namesilo,,,16/09/2026 05:56
011c4485-7f0c-43af-a1bc-16134e66f508,hematic.feedback,available,9.98,489.98,medium,low,7,namecheap,,,20/08/2026 21:53
8277f3f3-a0b1-44b3-9ebc-ac988f9c46df,osborne.feedback,available,9.98,489.98,high,medium,7,namecheap,,,25/09/2026 08:01
5b4f2545-f1ee-476f-b2e4-70afdb1f0d0b,gaol.feedback,available,9.98,489.98,medium,low,4,namecheap,,,08/09/2026 22:46
bd021312-2fef-4ac5-a68e-b537929f0cd0,reflects.feedback,available,9.99,329.99,medium,low,8,namesilo,,,17/09/2026 15:27
457c66de-ef21-4b01-8006-223912832ba7,carrying.feedback,available,15.99,,high,low,8,name.com,,,
0d6db9df-9844-4ecb-8ac6-55a9c1b655f9,deterrent.feedback,available,9.98,489.98,high,low,9,namecheap,,,14/08/2026 04:48
032eed65-7b9c-4c75-924d-df21ecc89b6f,sociably.feedback,available,9.98,489.98,medium,low,8,namecheap,,,14/09/2026 22:21
f3db057a-5b64-4ce7-85e3-b2d76ce81d8f,plucked.feedback,available,9.98,489.98,high,low,7,namecheap,,,08/09/2026 21:28
05d972c2-eaf2-4e87-93da-151d1117b08d,leakproof.feedback,available,9.98,489.98,high,low,9,namecheap,,,22/08/2026 21:59
c0cf42e6-e6e4-451a-a6c0-b7d0725855d4,pistols.feedback,available,9.99,329.99,medium,low,7,namesilo,,,29/09/2026 11:19
504c4667-a08e-4a16-b7ed-ac30564043ed,rodeo.feedback,available,9.98,489.98,high,low,5,namecheap,,,28/09/2026 06:42
3db5888b-4570-4b94-ac3c-27ad00b20daa,plato.feedback,available,9,310.7,high,low,5,spaceship,,,29/09/2026 13:42
409b976e-e856-4059-8d1e-c26636aad5db,erbium.feedback,available,9.99,329.99,medium,low,6,namesilo,,,20/09/2026 23:37
34b808e4-7a40-4800-a2aa-f3a57853fb8f,lovingness.feedback,available,9.98,489.98,high,low,10,namecheap,,,11/08/2026 19:18
15c89816-0250-43c4-921f-6d9424e3e075,pretorial.feedback,available,9.98,489.98,high,medium,9,namecheap,,,09/09/2026 01:02
c267dc71-7661-4492-b7e8-bc31114aec43,antibiotics.feedback,available,9.99,321.22,low,low,11,dynadot,,,28/09/2026 13:28
225d3509-b61d-4d02-a653-acd279c98ba9,albemarle.feedback,available,300.2,300.2,high,medium,9,cloudflare,,,28/09/2026 22:21
281ea2e2-70e0-4386-96c6-0e360c04c9d5,indians.feedback,available,9.99,329.99,high,medium,7,namesilo,,,28/09/2026 23:09
13c45dd9-af97-42ab-a864-a5bb4df575bf,abductor.feedback,available,9.99,329.99,medium,low,8,namesilo,,,16/09/2026 14:54
fff66b77-c041-4176-994d-c968bc1bcc5e,killing.feedback,available,9.98,489.98,medium,low,7,namecheap,,,22/08/2026 15:57
57a34bfc-45fa-4f5c-b6aa-35dc92943594,consciousness.feedback,available,9.99,329.99,medium,low,13,namesilo,,,28/09/2026 08:13
d5e8fafb-31ac-4bc3-bf84-c236671e7a80,fidelity.feedback,available,9.99,329.99,high,medium,8,namesilo,,,29/09/2026 06:51
ba2d0a3b-0841-4e07-b5b8-8be7cdba4db6,praises.feedback,available,9.98,489.98,high,low,7,namecheap,,,19/09/2026 00:10
c04ce14b-59ba-4ff0-bc7b-b505657444d6,cheaply.feedback,available,9.98,489.98,medium,low,7,namecheap,,,14/09/2026 06:37
8c728996-834e-4fca-9012-e40723c3afa3,champagne.feedback,available,9.98,489.98,high,low,9,namecheap,,,23/09/2026 10:06
e48940e0-22e4-4109-b510-703d535e93a9,barack.feedback,available,9.27,309.47,high,low,6,porkbun,,,28/09/2026 07:27
458c5c25-8f9d-49a6-8086-dfe3b75af134,pointy.feedback,available,15.99,,high,low,6,name.com,,,
dfe0ddac-a280-4a3a-b565-012b20764657,peachy.feedback,available,9.98,489.98,high,low,6,namecheap,,,08/08/2026 12:41
203dabd1-f036-463f-9995-535207c49abe,winkle.feedback,available,9.98,489.98,medium,low,6,namecheap,,,18/08/2026 06:48
d04d5963-a3e5-4166-926b-f6d31df6f47e,differences.feedback,available,9.99,329.99,medium,low,11,namesilo,,,17/09/2026 14:00
53d62d4f-1593-459d-b0f4-7ce0bfa44691,artificer.feedback,available,9.99,329.99,high,low,9,namesilo,,,20/09/2026 11:38
0f7fc49a-d9a5-40de-9783-38427d89a7be,numbat.feedback,available,9.99,329.99,medium,low,6,namesilo,,,22/09/2026 01:07
643f92cf-7817-44f5-bb22-576af1b37009,salmagundi.feedback,available,9.98,489.98,medium,low,10,namecheap,,,25/08/2026 08:22
f5bb4153-07ad-45e7-b7cc-c0a32bc6b52b,awakening.feedback,available,9.99,329.99,high,low,9,namesilo,,,28/09/2026 23:36
a60d80b1-034f-4d33-9e3a-6625f16ae819,gran.feedback,available,9,310.7,high,low,4,spaceship,,,29/09/2026 21:17
8508259e-acfd-4647-9eda-6271ae5623bb,gullible.feedback,available,9.98,489.98,medium,low,8,namecheap,,,18/08/2026 07:40
b3715877-36f1-486a-bfae-3c6dd9878e44,acknowledge.feedback,available,15.99,,high,low,11,name.com,,,
3fbf2aa1-27b3-4b68-ab1c-923b9c791ec7,sheik.feedback,available,15.99,799.99,high,low,5,name.com,,,13/08/2026 17:11
416eeac5-af59-4f0b-b52e-63a35f83b93a,amusing.feedback,available,9.98,489.98,high,low,7,namecheap,,,
6a7144d4-6f9e-4c7f-a9ad-050c9a1f90a6,acetate.feedback,available,9.99,329.99,high,low,7,namesilo,,,17/09/2026 00:03
0a61fc42-52bd-440b-8d50-4829ab61a60c,antecedent.feedback,available,9.98,489.98,high,low,10,namecheap,,,
2723953b-5eb1-4fdd-b0b5-2c3e7f72c4d8,devolve.feedback,available,9.98,489.98,medium,low,7,namecheap,,,13/08/2026 23:59
5a337f65-5878-45f6-81bd-ab25bd55e4f7,comose.feedback,available,9.98,489.98,low,low,6,namecheap,,,12/08/2026 18:22
9eaef0ac-b4d7-4ccd-af8f-5d11fce13290,resentful.feedback,available,9.98,489.98,medium,low,9,namecheap,,,09/09/2026 14:48
307ea4e8-8a3c-4954-a1c7-984985a4d46a,bedpan.feedback,available,9.99,329.99,high,low,6,namesilo,,,22/09/2026 23:28
e3c43295-1d80-44a8-91d4-e16d312dcc25,bibulous.feedback,available,9.98,489.98,low,low,8,namecheap,,,09/08/2026 18:58
e54bcf7b-b098-4edb-9d9e-b3f7ba1ba448,presently.feedback,available,9.98,489.98,medium,low,9,namecheap,,,28/09/2026 13:26
3836ba5a-2723-47b6-bd3f-5d60739e4781,soap.feedback,available,9.99,329.99,high,low,4,namesilo,,,29/09/2026 17:31
6de62827-4e42-4972-885c-477ef953ba36,rather.feedback,available,9.99,321.22,medium,low,6,dynadot,,,28/09/2026 15:59
67ff92c0-a1c4-4d8e-9bcd-43080a31d2d7,unsteady.feedback,available,9.98,489.98,medium,low,8,namecheap,,,12/09/2026 10:21
c1d0d047-3288-4831-a7f8-09315874c07a,haven.feedback,available,300.2,300.2,high,medium,5,cloudflare,,,29/09/2026 22:11
1bb9ea63-983c-4ab7-9dfd-a5f14e92f58b,fogey.feedback,available,9.98,489.98,medium,low,5,namecheap,,,18/08/2026 13:10
21b04cb1-d2f9-439a-b8c5-79bb058afc73,concealed.feedback,available,9.98,489.98,high,low,9,namecheap,,,23/09/2026 18:33
1ea39023-1b52-418e-8a82-54e29fdc417f,circadian.feedback,available,9.98,489.98,high,low,9,namecheap,,,12/08/2026 08:17
e31cedf7-fded-478e-858d-33d2dd1f7bcd,perforate.feedback,available,9.98,489.98,high,low,9,namecheap,,,08/09/2026 16:54
7494fe19-f5ed-43e6-a0da-5ae005650836,transexual.feedback,available,9.98,489.98,medium,low,10,namecheap,,,11/09/2026 19:01
6e6fa69f-1b8b-4518-b1d0-ff681c05568d,peerage.feedback,available,9.99,329.99,high,low,7,namesilo,,,22/09/2026 07:17
8b448fbf-27cc-4da6-b048-4f67ad929442,plunge.feedback,available,9.98,489.98,high,low,6,namecheap,,,10/09/2026 19:52
24e34980-e662-4cc5-ac88-169c691eb84a,disposed.feedback,available,15.99,,high,low,8,name.com,,,
03fd6b4e-96f1-4023-b66c-c7d1bc2649c5,strapless.feedback,available,9.98,489.98,high,low,9,namecheap,,,10/09/2026 21:55
1143c6b1-1948-481f-973f-a05b84518e61,skyward.feedback,available,9.98,489.98,high,low,7,namecheap,,,21/08/2026 05:26
28334d13-d713-4b18-af6b-8357db742f54,alessandro.feedback,available,9.99,329.99,medium,low,10,namesilo,,,28/09/2026 05:03
dc38c7bb-0b74-4406-aa17-5a7a6b4de7ac,khalil.feedback,available,9.99,329.99,high,low,6,namesilo,,,29/09/2026 22:35
76b7c2c5-dd94-4e12-833b-3d0e9138576b,bemock.feedback,available,9.98,489.98,medium,low,6,namecheap,,,25/08/2026 02:26
f117cdd6-b6a0-44b2-8e84-174ef5304c6e,inquiry.feedback,available,9,310.7,high,low,7,spaceship,,,29/09/2026 00:48
77312268-8237-4756-bab9-63c9d29904d6,chelate.feedback,available,9.98,489.98,medium,low,7,namecheap,,,12/08/2026 04:03
dca3fe0c-4d69-4f07-b26e-ef3f6e5e5e7e,reddish.feedback,available,9.99,329.99,high,low,7,namesilo,,,19/09/2026 03:49
f577b799-7672-4540-b609-ba5777264b61,parcel.feedback,available,9.99,329.99,high,low,6,namesilo,,,24/09/2026 11:15
b5503a1b-0898-4652-8155-66fc7742b0b1,ethnical.feedback,available,9.98,489.98,medium,low,8,namecheap,,,17/08/2026 13:49
07135a24-bd32-4a25-a682-d000e664cd70,smartness.feedback,available,9.98,489.98,high,low,9,namecheap,,,12/08/2026 04:49
57281da1-f4e7-4237-9bd0-469e166e5583,fremantle.feedback,available,9.27,309.47,high,low,9,porkbun,,,29/09/2026 23:48
da7a3584-5e9a-44d8-8d26-4698bc0e6e45,infancy.feedback,available,9.99,329.99,high,low,7,namesilo,,,21/09/2026 13:47
0ae12bbd-e795-4d13-ac8d-8636e47b23c5,elephants.feedback,available,9.99,329.99,high,low,9,namesilo,,,18/09/2026 04:24
04c94457-5146-4296-ab5b-9480da7bae83,bagging.feedback,available,9.98,489.98,medium,low,7,namecheap,,,21/09/2026 18:06
ef48d470-6f62-4ac1-81d5-733a0fce3a47,pursued.feedback,available,9.98,489.98,high,medium,7,namecheap,,,09/09/2026 06:26
5179dfbe-5f1b-49ef-9954-379d6b5d49a8,spectral.feedback,available,9.98,489.98,high,low,8,namecheap,,,06/08/2026 05:38
3f8887b1-244e-40cf-924a-3a2dcac5778a,objector.feedback,available,9.98,489.98,medium,low,8,namecheap,,,14/08/2026 12:43
5202e952-2f45-4dab-975a-b06ed2ce0dc3,adaption.feedback,available,9.99,329.99,medium,low,8,namesilo,,,17/09/2026 06:32
da90a8e0-a1fa-4c6f-bdb1-e7ac9010fafc,guggenheim.feedback,available,9.99,329.99,high,low,10,namesilo,,,27/09/2026 04:18
aa911338-ee4b-4c9e-92d0-bab519291214,morality.feedback,available,9.99,329.99,high,low,8,namesilo,,,28/09/2026 09:42
a86a46b2-fdc5-42ce-9dee-4339113b46f5,rotten.feedback,available,9.99,329.99,high,low,6,namesilo,,,24/09/2026 01:35
a7ccd394-eb55-4fc9-b642-f3467d81391f,slight.feedback,available,9,310.7,high,low,6,spaceship,,,27/09/2026 22:32
89a8bb48-34ee-4fd1-949f-57ec577dd66c,austerity.feedback,available,9.99,329.99,medium,low,9,namesilo,,,21/09/2026 04:40
a760b08b-70bf-4e63-9d01-944ea3ecca9a,accused.feedback,available,9.98,489.98,high,low,7,namecheap,,,28/09/2026 17:31
8faa00d2-4789-44a9-b713-c92487edc89f,ashtray.feedback,available,9.99,329.99,high,low,7,namesilo,,,20/09/2026 14:02
bf4453f9-8278-4255-b0f9-687ab7e5d2dd,betoken.feedback,available,9.98,489.98,medium,low,7,namecheap,,,21/09/2026 03:31
33ba0661-09a0-4959-b45f-2acfce66ba26,phial.feedback,available,9.99,329.99,medium,low,5,namesilo,,,18/09/2026 23:47
e6ba28f2-9ea1-459a-9147-e162db029d74,puglia.feedback,available,9.99,329.99,high,low,6,namesilo,,,19/09/2026 22:41
9c6ae8be-ac8b-4dad-817d-cbd4ce3b3cfb,despite.feedback,available,9,310.7,high,low,7,spaceship,,,29/09/2026 11:22
3d7c7749-6dde-45c2-b8d5-d148cbe97f4e,smoothly.feedback,available,9.98,489.98,high,low,8,namecheap,,,16/09/2026 02:56
3c65dd2a-c090-4914-b801-c1a23fabf9f7,deadlifts.feedback,available,9.99,329.99,medium,low,9,namesilo,,,21/09/2026 05:50
ee442e54-514f-4d5c-94dc-32be1105eebb,worshipped.feedback,available,9.99,329.99,high,low,10,namesilo,,,29/09/2026 16:18
8beeea22-a7ea-4a45-ae0f-72d633d02a94,ripple.feedback,available,9.98,489.98,high,low,6,namecheap,,,12/09/2026 08:34
ee3ca8bb-b7b9-47b8-a5d9-1e9488d8e35e,policeman.feedback,available,9.99,329.99,high,low,9,namesilo,,,27/09/2026 05:03
22e7d8e5-72ff-4322-b3db-748e84f155e7,plumping.feedback,available,9.98,489.98,medium,low,8,namecheap,,,08/09/2026 21:52
9ff8fba1-4c8e-4d01-9bcf-49c6661f48e7,flipped.feedback,available,9.99,329.99,medium,low,7,namesilo,,,18/09/2026 12:06
829f2e2e-b82c-4fc5-9345-978bf327cf68,junction.feedback,available,9.98,489.98,high,low,8,namecheap,,,28/09/2026 06:09
dd242f1d-31af-4a24-8d1b-cfc65a39577a,arrests.feedback,available,9.98,489.98,medium,low,7,namecheap,,,20/09/2026 19:12
89436507-6bf7-4d23-9efd-a0aea71c8ef3,cursory.feedback,available,9.98,489.98,high,low,7,namecheap,,,13/08/2026 11:41
19e74048-99d2-4542-bfd2-f273bcd524f9,ideally.feedback,available,9,310.7,high,low,7,spaceship,,,28/09/2026 15:16
e6a74a8d-2682-4b41-a6ad-aebc95d7fb3f,pulpit.feedback,available,9.99,329.99,high,low,6,namesilo,,,18/09/2026 17:14
76ee2dd4-bc3c-4e39-9d03-f2b20f805752,abradant.feedback,available,9.98,489.98,medium,low,8,namecheap,,,
4e57373c-0172-4026-9595-9c7cebdee3c1,adnate.feedback,available,9.98,489.98,medium,low,6,namecheap,,,
cc3f929b-f4c3-433a-9da5-e430f3162e9e,understandable.feedback,available,15.99,,high,low,14,name.com,,,
63e9368c-06e2-4314-b878-e9d9f0fd5747,lott.feedback,available,9.99,329.99,medium,low,4,namesilo,,,29/09/2026 04:28
5ad10224-cfda-45c9-9931-42b3635f5ac1,sco.feedback,premium,,,high,high,3,,,,29/09/2026 21:02
e8d85e9c-785a-4a6a-a1ea-0770f17d6f20,defamer.feedback,available,9.98,489.98,medium,low,7,namecheap,,,21/09/2026 15:02
cc661bbb-2313-4c88-84de-3de694ba8232,musty.feedback,available,9.98,489.98,medium,low,5,namecheap,,,18/08/2026 16:44
17213365-92fa-45b0-b05e-b9ec11b8db80,progressing.feedback,available,15.99,,medium,low,11,name.com,,,
4dd917b0-8da0-40a1-bfe6-007666e0574a,faults.feedback,available,9.99,329.99,medium,low,6,namesilo,,,29/09/2026 11:04
ca4d07b3-5627-499f-9f38-eb8bd886d252,unwrapped.feedback,available,9.98,489.98,high,low,9,namecheap,,,12/09/2026 22:53
4b65cb56-957f-4865-8d40-da1ab4e4427e,aol.feedback,premium,,,high,high,3,,,,30/09/2026 02:20
9e56d7f3-1e38-4e73-9c6a-8a6e1107bea3,learner.feedback,available,9.99,329.99,high,low,7,namesilo,,,19/09/2026 22:19
5e6ec303-9308-48f2-bf3c-1caeba405309,frore.feedback,available,9.98,489.98,low,low,5,namecheap,,,18/08/2026 16:21
8927815a-0474-4967-9b25-bf0e42b9978b,phoney.feedback,available,9.98,489.98,medium,low,6,namecheap,,,08/08/2026 23:14
38280e75-61bc-464a-9306-f2f60e0d70b9,region.feedback,available,15.99,,high,low,6,name.com,,,
b843a7be-dad8-4a36-a662-060de7b32b5a,goof.feedback,available,9.99,329.99,high,low,4,namesilo,,,24/09/2026 06:18
7cca9d45-4b4d-47ce-b318-bc4b1730df96,stony.feedback,available,9.98,489.98,medium,low,5,namecheap,,,10/08/2026 21:45
ab89f244-175a-4cad-8bdb-1b75a0cc8104,confused.feedback,available,9.98,489.98,high,low,8,namecheap,,,07/08/2026 12:02
cecd96ac-b9db-42cc-9fa8-183558c96fe8,due.feedback,premium,512,512,high,low,3,namesilo,,,22/09/2026 09:27
a7908cec-b1be-45ee-ac89-36c018f2aacb,paley.feedback,available,9.98,489.98,medium,low,5,namecheap,,,29/09/2026 15:50
0ba0b2ed-fdca-4ec4-9e12-85b7ffb56515,lxvii.feedback,available,9.98,489.98,medium,low,5,namecheap,,,
f5438d8e-9665-42be-b81d-52c3bef1c1bb,potential.feedback,available,9.99,329.99,high,low,9,namesilo,,,27/09/2026 04:46
255fab73-e125-4063-a927-0f4ddb19402f,cathodic.feedback,available,9.98,489.98,medium,low,8,namecheap,,,11/08/2026 21:56
de5bbbb9-998a-433d-8d98-a69711a00be6,fifteenth.feedback,available,9.98,489.98,high,low,9,namecheap,,,
e0c9ed90-94c1-4a31-a2fe-5eb68edfd762,hole.feedback,available,9,310.7,medium,low,4,spaceship,,,29/09/2026 05:47
13363348-3f48-4ebd-a74f-964bd7a01d7e,cambodian.feedback,available,9.98,489.98,high,low,9,namecheap,,,11/08/2026 15:40
e9e79c1e-e79c-4f1b-b13f-7eb94a05b0d8,reproduce.feedback,available,9,310.7,high,low,9,spaceship,,,28/09/2026 20:51
f3f3a2dc-57af-4557-b60c-55c5b18838f8,unvalued.feedback,available,9.98,489.98,medium,low,8,namecheap,,,12/09/2026 22:02
3b0746ac-2c8a-4e7e-b037-af6db8855a37,slant.feedback,available,9.98,489.98,high,low,5,namecheap,,,22/08/2026 22:07
902df46e-3cd0-4bc9-88e5-8514b196a912,oafish.feedback,available,9.98,489.98,medium,low,6,namecheap,,,10/08/2026 19:32
f144e6d6-f07c-413b-9723-70c2651c7673,naive.feedback,available,9.98,489.98,high,low,5,namecheap,,,03/09/2026 12:50
52940928-71cb-43dd-8aa8-e2712e989d1f,obituary.feedback,available,9.99,329.99,high,low,8,namesilo,,,29/09/2026 13:33
9ca7a6fb-578e-4be1-82db-7a3e3abff481,flutter.feedback,available,9.98,489.98,high,low,7,namecheap,,,18/08/2026 07:48
09896cb0-9d90-4509-abd8-6a61427059f5,referenced.feedback,available,9.98,489.98,high,medium,10,namecheap,,,09/09/2026 12:34
2a4b6df8-1b71-47f7-b010-b5e016f2c3c5,towers.feedback,available,9.99,329.99,medium,low,6,namesilo,,,28/09/2026 08:26
38f52b8c-7d7f-4a04-a035-f4bfd810d72f,revolutionary.feedback,available,9.27,309.47,high,low,13,porkbun,,,28/09/2026 07:08
20c9bce8-c776-4e42-a414-fe3f8394e2b8,grams.feedback,available,9.98,489.98,high,low,5,namecheap,,,18/09/2026 05:03
e7f7e21c-70e7-4799-81a5-d38084030c62,attest.feedback,available,9.98,489.98,high,low,6,namecheap,,,24/08/2026 15:02
89f980a4-e602-450f-9515-fc44529e9c9f,settle.feedback,available,9.99,329.99,high,low,6,namesilo,,,25/09/2026 10:17
206e3760-95d7-4649-89ba-f251ee9769ed,firing.feedback,available,9.99,329.99,high,low,6,namesilo,,,27/09/2026 03:58
2cbf2664-00e4-473e-9129-b1bdfa17ff63,covalent.feedback,available,9.98,489.98,high,low,8,namecheap,,,13/08/2026 04:03
a4088ddf-c0ee-4871-bff4-4fa08bb1f113,patriot.feedback,available,9.98,489.98,high,low,7,namecheap,,,03/09/2026 13:42
22bac147-d37b-419c-834e-eb8fdbe4841d,procession.feedback,available,300.2,300.2,high,low,10,cloudflare,,,29/09/2026 06:59
eeafaa28-c5c9-4cae-86c7-04bfa07d5e5f,reformed.feedback,available,9.98,489.98,high,low,9,namecheap,,,09/09/2026 10:53
51f6a097-2f9c-4a7c-b215-333d26178384,wagner.feedback,available,9,310.7,high,medium,6,spaceship,,,28/09/2026 20:05
1b60a268-223b-47c0-804b-38d7d8673d5e,toast.feedback,available,300.2,300.2,high,low,5,cloudflare,,,29/09/2026 21:04
9efe9061-6521-4b4b-99a0-ed13f12aeaaa,indra.feedback,available,300.2,300.2,high,low,5,cloudflare,,,29/09/2026 13:07
3232bc9f-5a2b-4791-89ae-f83e36d327b7,opener.feedback,available,300.2,300.2,high,low,6,cloudflare,,,28/09/2026 20:02
f0af1e44-64df-4681-9f73-50cf5cdecbbc,samoan.feedback,available,9.98,489.98,high,medium,6,namecheap,,,09/09/2026 21:09
5f0ae804-e22b-4eb3-ab6b-c58871c9e036,ecologic.feedback,available,9.98,489.98,high,low,8,namecheap,,,10/08/2026 02:32
23062f25-fe5d-4037-ab49-dd6c24763922,camel.feedback,available,300.2,300.2,high,low,5,cloudflare,,,28/09/2026 01:20
0aa77547-9966-4bb1-a715-eb6440af5eaa,thresher.feedback,available,9.99,329.99,medium,low,8,namesilo,,,18/09/2026 13:23
4b84410b-b6bb-4e23-98b7-83898e2910c1,inbound.feedback,available,9.98,489.98,high,low,7,namecheap,,,22/08/2026 00:41
4967a4f3-9048-4144-8184-76f101658e65,fruiting.feedback,available,9.98,489.98,high,low,8,namecheap,,,18/08/2026 17:04
1390f2c4-8b3e-4111-9888-e27ce38134da,seagoing.feedback,available,9.98,489.98,medium,low,8,namecheap,,,04/09/2026 00:24
a59b9ba4-4762-45ed-91ce-be483c70509b,deafening.feedback,available,15.99,799.99,medium,low,9,name.com,,,13/08/2026 19:54
be174208-96b6-4356-8a94-b227bb4ebca9,workings.feedback,available,300.2,300.2,high,low,8,cloudflare,,,28/09/2026 10:48
bd8cd350-0d6a-4337-a80e-90cc604046c8,meteoric.feedback,available,9.98,489.98,high,low,8,namecheap,,,24/08/2026 21:53
abb28719-3a6e-4eaf-8322-fa6b204ee5ef,highland.feedback,available,9.98,489.98,high,low,8,namecheap,,,21/08/2026 09:16
7ac0c5d2-8cdf-4b15-b55f-cca1d591c7c2,airship.feedback,available,9.98,489.98,high,medium,7,namecheap,,,14/08/2026 09:04
7445eadd-432b-4229-abe4-5cef2ce7f80c,farmstand.feedback,available,15.99,,high,low,10,name.com,,,
094f3e64-ae66-4af3-ad3e-22bc0b0da2b4,applewood.feedback,available,9.98,489.98,medium,low,9,namecheap,,,19/09/2026 21:44
79631109-e80c-45e6-9896-4f0862fffc5c,bowl.feedback,available,9.99,329.99,high,low,4,namesilo,,,24/09/2026 07:38
04360aa5-aa14-48b7-a904-91f785a01ad9,incline.feedback,available,300.2,300.2,high,low,7,cloudflare,,,29/09/2026 23:48
74a58c02-acdf-4e3a-bfa5-f944235bf546,tinkly.feedback,available,9.98,489.98,medium,low,6,namecheap,,,11/09/2026 16:15
f6bccc9e-121d-47bf-8bca-15ccbb0ae62e,bimetal.feedback,available,9.98,489.98,high,low,7,namecheap,,,09/08/2026 22:52
68c31e09-8944-4f3c-be7d-4dda11b8a68f,germ.feedback,available,9,310.7,high,low,4,spaceship,,,29/09/2026 19:01
b597ac89-d680-49a3-8947-b4efe0b63b49,doorbell.feedback,available,9.99,329.99,medium,low,8,namesilo,,,29/09/2026 22:59
fb54185c-2418-425c-9c27-d45d00508ca1,moneyless.feedback,available,9.98,489.98,medium,low,9,namecheap,,,25/08/2026 04:43
cd86c8c9-a5b3-4f6c-804f-4ecc9149caff,loaf.feedback,available,9.98,489.98,high,low,4,namecheap,,,11/09/2026 08:31
46453157-6bf1-4bab-bc3d-068ab518e6e7,biblical.feedback,available,9.98,489.98,medium,low,8,namecheap,,,09/08/2026 18:53
527e8288-cb40-42da-a034-92461674430c,beg.feedback,premium,560,560,high,low,3,namecheap,,,
ac293f44-2f67-4f2e-9409-c2538cd1ab82,adit.feedback,available,9.99,329.99,medium,low,4,namesilo,,,17/09/2026 08:21
c84eed6f-b02a-4131-b22b-283f7390a205,dogfish.feedback,available,9.98,489.98,high,low,7,namecheap,,,18/09/2026 21:24
ff89f65f-d413-408d-b405-b7c648b1da21,fled.feedback,available,9.99,329.99,low,low,4,namesilo,,,28/09/2026 12:32
07a35fcf-bfde-45a6-b49d-bf6d03afe913,slapstick.feedback,available,9.98,489.98,high,low,9,namecheap,,,10/09/2026 10:03
ee70e1ed-5405-4783-be7c-d021110d2d49,biggin.feedback,available,9.99,329.99,medium,low,6,namesilo,,,23/09/2026 15:08
03bb4662-55a0-40cb-8dff-fbf380c5fd84,necromancy.feedback,available,9.99,329.99,medium,low,10,namesilo,,,23/09/2026 23:53
a04ef945-8113-4961-a633-999351a9568a,uttermost.feedback,available,9.98,489.98,high,low,9,namecheap,,,17/08/2026 22:44
20f670ee-a895-4372-935c-c1e44454e2e7,holder.feedback,available,9,310.7,high,low,6,spaceship,,,29/09/2026 22:53
e46e00f6-6b9b-49bc-8359-32def6dd1dc1,rudder.feedback,available,9.98,489.98,high,low,6,namecheap,,,29/09/2026 20:14
5076f988-b07c-4e3c-b932-8f079a5a0931,inept.feedback,available,9.98,489.98,medium,low,5,namecheap,,,21/08/2026 18:53
1da42020-cba1-4bda-afc5-0e3d180ed5c8,westerly.feedback,available,9.98,489.98,medium,low,8,namecheap,,,13/09/2026 10:53
6a17a767-ef49-4036-9cb9-188a125745ba,hated.feedback,available,9.98,489.98,medium,low,5,namecheap,,,14/08/2026 04:14
d55573ae-02fc-4eb2-92a9-b053d9248a39,bedcover.feedback,available,9.99,329.99,high,low,8,namesilo,,,22/09/2026 22:53
e8993bfa-9383-4501-8a7a-3ebfd091b666,cea.feedback,premium,,,high,low,3,,,,29/09/2026 17:12
1b708835-ace8-480b-81cb-908176f05f6f,admiration.feedback,available,300.2,300.2,high,low,10,cloudflare,,,28/09/2026 18:44
9c939b33-de58-4742-8e91-1fb5ed23b3e6,gorky.feedback,available,9.99,329.99,high,low,5,namesilo,,,18/09/2026 05:08
d248293b-e5ad-4823-b5bb-3a1265b8ac02,disbelief.feedback,available,9.98,489.98,high,low,9,namecheap,,,24/09/2026 22:29
45d5d13b-aefb-4c2c-8279-20865e6daf1a,rheumatic.feedback,available,9.98,489.98,medium,low,9,namecheap,,,06/08/2026 23:05
ee4a4b40-96d4-4850-bbca-5e9b338aa669,underside.feedback,available,9.98,489.98,high,low,9,namecheap,,,10/08/2026 21:15
a473dd91-af5a-421e-9f70-fc7768574f6c,fought.feedback,available,15.99,,medium,low,6,name.com,,,
34580dd1-b697-4428-8b17-7b71413f5267,admiral.feedback,available,9.99,329.99,high,low,7,namesilo,,,17/09/2026 08:46
89acc45a-6c9b-4b42-938b-1ecc091eadf7,archival.feedback,available,9.98,489.98,high,low,8,namecheap,,,06/08/2026 15:53
0e8a7dbc-59f9-40b9-bd7e-165de9ba0347,lobar.feedback,available,9.98,489.98,medium,low,5,namecheap,,,24/08/2026 08:33
63b5a5c1-3d75-44d5-a298-0ffce4880528,unfailing.feedback,available,9.98,489.98,high,low,9,namecheap,,,18/08/2026 10:39
25d053f0-4939-4b26-a4c1-88eba2c2704d,habited.feedback,available,9.98,489.98,medium,low,7,namecheap,,,20/08/2026 21:27
380a1571-0128-42e0-a77b-3e2d5e55ff69,massachusetts.feedback,available,9.27,309.47,medium,low,13,porkbun,,,28/09/2026 11:48
b407d3d0-e269-457d-8972-a3bfaf969f0d,neophyte.feedback,available,9.98,489.98,high,low,8,namecheap,,,18/08/2026 07:34
37114d65-26dd-4ff2-b979-925b7c53be8f,sweetish.feedback,available,9.98,489.98,high,low,8,namecheap,,,11/09/2026 05:36
adbfcd38-df47-4cf6-9ebc-f4bd3d8022a6,sunglass.feedback,available,15.99,,high,low,8,name.com,,,
a07d1452-bf11-4013-8d34-f6621651c51c,hedonic.feedback,available,9.98,489.98,medium,low,7,namecheap,,,21/08/2026 05:52
58425400-33d6-4e08-bc83-f4769aa9087a,bicolor.feedback,available,9.98,489.98,high,low,7,namecheap,,,09/08/2026 19:11
d8b3d618-d47a-4554-9987-f7df42daad45,amulet.feedback,available,9.99,329.99,high,low,6,namesilo,,,19/09/2026 00:10
73c4d7dc-3f26-4c72-8eb8-82607bdf167c,mcmaster.feedback,available,9.99,329.99,medium,low,8,namesilo,,,29/09/2026 01:24
7b01f71c-fabd-44d8-92f5-21bac463634f,elan.feedback,available,9.99,329.99,high,low,4,namesilo,,,20/09/2026 03:17
4148464f-126d-4c85-bff9-db30ced4752d,sincerely.feedback,available,9.99,329.99,high,low,9,namesilo,,,28/09/2026 16:38
2aec2fb7-511e-48b6-a879-d24dffd12b24,gaping.feedback,available,9.98,489.98,high,low,6,namecheap,,,
2010ad1a-b0e3-40af-91a5-3cd5538e3fd1,triclinic.feedback,available,9.98,489.98,medium,low,9,namecheap,,,
1db828e3-54ed-4793-a940-5bee71b73db6,onward.feedback,available,9.98,489.98,high,low,6,namecheap,,,14/09/2026 19:49
51f4b270-205e-4464-9b8b-698ed9ed9f80,grounds.feedback,available,9.98,489.98,high,low,7,namecheap,,,24/09/2026 20:34
11e07242-48bd-4da3-962d-9539e0c697df,closest.feedback,available,9.98,489.98,medium,low,7,namecheap,,,28/09/2026 14:05
090cc9d8-27a9-41e7-b69f-b32a40a4ce86,seaman.feedback,available,9.98,489.98,medium,low,6,namecheap,,,30/09/2026 01:29
36001944-32ed-4e61-99ae-c777029770f2,spinning.feedback,available,9.99,329.99,high,low,8,namesilo,,,27/09/2026 05:29
7fd7552f-ecd0-48d8-b4fa-326fdc28cc45,havre.feedback,available,9,310.7,medium,low,5,spaceship,,,28/09/2026 03:56
c86c832f-4775-471b-b5b3-bba0738494b8,saporous.feedback,available,9.98,489.98,medium,low,8,namecheap,,,18/08/2026 07:16
2d21f11d-7ea1-457d-a73f-f2903dbb3d45,doubted.feedback,available,9,310.7,low,low,7,spaceship,,,29/09/2026 16:14
cdb256e9-efca-4ecc-b754-c35b6782fbf1,stairs.feedback,available,15.99,,high,low,6,name.com,,,
ded18f84-01a8-4588-9bfb-31ae87ad98f2,cephalopod.feedback,available,9.98,489.98,medium,low,10,namecheap,,,12/08/2026 00:21
011049ad-d0d3-456f-b9ec-4884b92e3d91,forth.feedback,available,9.99,329.99,high,low,5,namesilo,,,22/09/2026 14:59
ca588dc1-c1c0-49f3-91e7-f65c0f8dc3bb,barong.feedback,available,9.99,329.99,medium,low,6,namesilo,,,22/09/2026 07:38
37460404-e296-460c-956b-9117c1a50f81,abstractor.feedback,available,9.98,489.98,high,low,10,namecheap,,,16/09/2026 18:29
29316365-f440-4742-947e-61ec56a7b856,hurting.feedback,available,9.99,321.22,medium,low,7,dynadot,,,27/09/2026 14:14
356f86bb-87ca-4b29-8472-c9182a428e68,rhyming.feedback,available,9.98,489.98,high,low,7,namecheap,,,09/09/2026 16:53
8ccc22fc-d092-433a-9235-86c9eed7661f,bebop.feedback,available,9.99,329.99,high,low,5,namesilo,,,22/09/2026 22:33
04ae9eb7-573d-4879-ab99-5be69a53f13b,shodden.feedback,available,9.98,489.98,high,medium,7,namecheap,,,10/09/2026 06:42
df20a92b-f77b-4dfb-9ca1-7da6df4cf36e,undying.feedback,available,15.99,799.99,medium,low,7,name.com,,,13/08/2026 20:04
e19234ab-9da7-46b1-baf5-71c4d6fb36f0,adamson.feedback,available,300.2,300.2,medium,low,7,cloudflare,,,28/09/2026 17:25
a6a82dc2-44d3-4731-bfb3-77e709bd5578,polished.feedback,available,9.98,489.98,high,low,8,namecheap,,,24/08/2026 23:10
e288dc29-df0a-443d-9216-66e08e42f5d7,sumbody.feedback,available,15.99,,low,low,7,name.com,,,
be040be8-12c7-403a-b304-4fa47fe427d2,annalist.feedback,available,9.99,329.99,medium,low,8,namesilo,,,19/09/2026 10:03
a197993b-3320-4981-aadc-e3fde682d920,plausible.feedback,available,9.98,489.98,high,low,9,namecheap,,,08/09/2026 20:55
4453b9bb-4448-4a8f-915e-4e6deac194f0,adenovirus.feedback,available,9.99,329.99,medium,low,10,namesilo,,,17/09/2026 07:41
af3f30ed-6d8e-4b54-bff7-82b1aca70df2,veil.feedback,available,9.99,329.99,high,low,4,namesilo,,,29/09/2026 06:45
7d00d7c3-7094-401e-b8fa-aaa2e9d43649,lacks.feedback,available,9,310.7,low,low,5,spaceship,,,29/09/2026 10:48
74d2fc97-42de-42ec-93f4-5f537843e702,arduous.feedback,available,9.98,489.98,high,low,7,namecheap,,,06/08/2026 16:40
f614f1a3-4bba-4fba-8c20-216a3c517ac0,stretches.feedback,available,9.99,329.99,medium,low,9,namesilo,,,18/09/2026 07:56
d5be280f-69ff-46e8-9649-763dea33baaa,omnibus.feedback,available,9.98,489.98,high,low,7,namecheap,,,04/09/2026 02:30
dd705ce2-3c81-42d6-9698-b13f0ce581ba,grapy.feedback,available,9.98,489.98,medium,low,5,namecheap,,,20/08/2026 18:07
55cd7cb0-88c0-4cc9-8682-781f58a9919d,triune.feedback,available,9.98,489.98,medium,low,6,namecheap,,,11/09/2026 20:12
d511c9c1-0bb1-4d12-8b52-718f8d217059,washable.feedback,available,9.98,489.98,high,low,8,namecheap,,,13/09/2026 08:29
94997f6d-d610-422f-b859-f310488b15ec,dlc.feedback,premium,,,high,low,3,,,,28/09/2026 12:11
60ca7058-9c93-45f1-a1b9-6f4a09a64204,locomote.feedback,available,9.98,489.98,medium,low,8,namecheap,,,20/08/2026 15:49
68e9aa60-9957-4d88-9cde-bdd7ded384ac,skeleton.feedback,available,300.2,300.2,high,low,8,cloudflare,,,28/09/2026 10:56
6b69c9d9-be54-42c8-9dbd-fbdce743338e,conde.feedback,available,9,310.7,high,low,5,spaceship,,,29/09/2026 09:06
2ed613a4-624b-491f-b53e-6560e47e14cf,abkhasian.feedback,available,9.98,489.98,medium,low,9,namecheap,,,
34426038-aef4-4ca0-b40f-27c832042b6c,pairs.feedback,available,9.99,329.99,medium,low,5,namesilo,,,16/09/2026 14:58
a0940e52-00fe-4624-9716-adeb9d9ff66b,twaddle.feedback,available,9.98,489.98,medium,low,7,namecheap,,,21/09/2026 23:55
c23f4539-cfa7-4414-8fc2-0f9dc7fdbd1a,readily.feedback,available,9.98,489.98,medium,low,7,namecheap,,,15/09/2026 21:42
9148acb8-da47-4986-9883-637a5b33dd04,dispute.feedback,available,300.2,300.2,high,low,7,cloudflare,,,28/09/2026 13:42
91bd275e-cb88-4839-810f-cf4c0e6f5896,overnight.feedback,available,9.99,329.99,high,low,9,namesilo,,,22/09/2026 00:44
609c3728-fb08-44a2-9cfc-20ec97fc5154,accommodate.feedback,available,15.99,,high,low,11,name.com,,,
e06aa83a-ec26-4576-9205-44b5a1c79844,aedes.feedback,available,9.99,329.99,medium,low,5,namesilo,,,17/09/2026 12:09
b0d5c91d-c050-49f6-abd1-80ebc574ad09,overlooked.feedback,available,9.98,489.98,high,low,10,namecheap,,,04/09/2026 21:04
8c934e34-1fd6-434b-9a02-71b77a615876,ssr.feedback,premium,11.05,520,high,low,3,namecheap,,,25/09/2026 12:03
a082aa21-a519-40b4-914b-38527cd12254,timeworn.feedback,available,9.98,489.98,medium,low,8,namecheap,,,08/08/2026 11:14
035fb871-942a-42f1-9667-888d113e824f,berkelium.feedback,available,9.98,489.98,medium,low,9,namecheap,,,21/09/2026 00:14
9b90ff8a-e59f-44bb-a315-ef842c79ed81,tries.feedback,available,9.98,489.98,medium,low,5,namecheap,,,25/09/2026 19:53
fc595daf-c443-4c7a-b1b6-ae4c0b69f154,arriviste.feedback,available,9.98,489.98,medium,low,9,namecheap,,,03/09/2026 22:17
0586de85-ffd6-4b32-ba76-675857d71d5d,anemia.feedback,available,9.99,329.99,high,low,6,namesilo,,,19/09/2026 01:16
4125e4fa-476b-44d2-ae4c-225349085725,heralded.feedback,available,9.98,489.98,medium,low,8,namecheap,,,21/08/2026 06:51
940d0cb5-febc-4f4a-bff8-d8d8c44b6add,asp.feedback,premium,512,512,high,low,3,namesilo,,,20/09/2026 14:30
3e4e338a-a6f6-4983-8784-ab2bf0687854,secrecy.feedback,available,9.99,329.99,high,low,7,namesilo,,,24/09/2026 17:03
bd8710df-041a-41b3-8e02-5963331623f0,dispose.feedback,available,9.99,329.99,high,low,7,namesilo,,,29/09/2026 15:24
4c9ec0a9-08da-457d-8e14-ac1d4c88e73d,achillea.feedback,available,9.99,329.99,medium,low,8,namesilo,,,17/09/2026 00:35
6c2dc2b9-ff50-4b4e-b512-44ffa2b9090d,malar.feedback,available,9.98,489.98,medium,low,5,namecheap,,,13/09/2026 15:43
7f556ea9-8133-44ef-9031-2de99be0c43d,comal.feedback,available,9.98,489.98,low,low,5,namecheap,,,12/08/2026 18:23
08994d44-009d-4cd2-ac06-6562e63dd62d,cristo.feedback,available,9.99,329.99,medium,low,6,namesilo,,,29/09/2026 11:33
444db13a-1ed6-4d01-9c22-719ef800f329,bankia.feedback,available,9.99,329.99,medium,low,6,namesilo,,,22/09/2026 02:48
3752e4ec-d156-428e-b904-94f5198b1704,harmonious.feedback,available,9.98,489.98,high,low,10,namecheap,,,21/08/2026 01:03
9fc52922-fb45-4223-96c0-bbb1914056c6,logistical.feedback,available,9.98,489.98,high,low,10,namecheap,,,24/08/2026 08:54
3e7b165b-ce56-4542-9ca9-cbda1f8250a4,topological.feedback,available,9.99,321.22,medium,low,11,dynadot,,,29/09/2026 23:29
8bca3aef-725e-44ea-a7bc-203d029b0f1c,heuristic.feedback,available,9.98,489.98,high,low,9,namecheap,,,21/08/2026 07:34
9db41e6f-e7df-4f88-ad82-96f3479d70c6,swindle.feedback,available,9.98,489.98,medium,low,7,namecheap,,,14/09/2026 07:52
fa45d920-f315-4965-bae1-125aa5a3ce92,palmate.feedback,available,9.98,489.98,medium,low,7,namecheap,,,04/09/2026 23:55
5d9cdddf-dc00-443d-a128-d4c8c4804563,politically.feedback,available,9.99,329.99,medium,low,11,namesilo,,,28/09/2026 11:12
c31d262c-a556-4336-b429-b4b43a2ff574,roses.feedback,available,9.98,489.98,high,low,5,namecheap,,,17/09/2026 21:17
7230af0d-ad07-4d91-a2d0-fa37b3bc0912,feldman.feedback,available,9.99,321.22,high,low,7,dynadot,,,27/09/2026 20:17
c6150a98-957c-4c62-bbee-87582d567b1b,hic.feedback,premium,560,560,high,low,3,namecheap,,,
f54eaad7-19eb-4cfc-af76-bea4b9ffa137,devours.feedback,available,9.99,329.99,low,low,7,namesilo,,,21/09/2026 08:47
dfe948f9-3742-49d4-a55f-6cbcaa93a452,apulia.feedback,available,9.99,329.99,medium,low,6,namesilo,,,19/09/2026 22:42
199c61ba-03d9-41c5-bc3b-21fbac2f574f,urine.feedback,available,9.99,329.99,high,low,5,namesilo,,,28/09/2026 02:54
b85d87f9-1f4d-4365-9b97-5aeee9836e5e,cooler.feedback,available,9.98,489.98,high,low,6,namecheap,,,24/09/2026 18:05
fef1864b-ef23-4b85-9f88-f04fa19343cd,appellant.feedback,available,9.98,489.98,high,low,9,namecheap,,,06/08/2026 06:23
0d4905b1-f69e-4d4f-b8f4-5bc2fc1ecdcb,nuclei.feedback,available,9.98,489.98,medium,low,6,namecheap,,,
f714ce9c-1530-468d-9fde-a30a090a9fbc,duet.feedback,available,9,310.7,high,low,4,spaceship,,,29/09/2026 18:31
1163e4af-34e9-4369-83d3-cd3dde6c7b44,stumps.feedback,available,15.99,,high,low,6,name.com,,,
d3c84c54-6db4-4532-a283-0ff94aa8c9a2,handless.feedback,available,9.98,489.98,medium,low,8,namecheap,,,11/08/2026 10:12
1a7a2839-0430-4c13-ba73-77c2e2917f99,alpena.feedback,available,9.99,329.99,medium,low,6,namesilo,,,18/09/2026 13:31
ffdaa8c5-8a5a-4413-80f5-144de822a2f0,screwed.feedback,available,9.98,489.98,medium,low,7,namecheap,,,28/09/2026 15:59
ec32c4e6-a86a-455a-b767-dba592d6bdd7,refundable.feedback,available,15.99,,high,low,10,name.com,,,
7cadb43c-0f45-4e62-a2e1-fcdea731f5bf,raid.feedback,available,9.99,329.99,high,low,4,namesilo,,,28/09/2026 09:48
dabb599f-23ee-46fd-9380-ad7b7ebecc7f,momentary.feedback,available,9.98,489.98,medium,low,9,namecheap,,,18/08/2026 07:54
c84d24e8-e860-47e5-8847-625aa54eb557,charitably.feedback,available,9.98,489.98,medium,low,10,namecheap,,,14/09/2026 06:19
8a311588-67a4-42fc-81c5-3f82aee0c76d,crucially.feedback,available,9.98,489.98,medium,low,9,namecheap,,,14/09/2026 09:50
523fa041-ebe8-49d6-8a14-3a22015d9300,rending.feedback,available,9.98,489.98,medium,low,7,namecheap,,,09/09/2026 13:57
61409df0-52e9-4c1c-97b2-33f779fd5181,telephonic.feedback,available,9.98,489.98,medium,low,10,namecheap,,,11/09/2026 10:20
e9af257a-8414-4df2-9d7a-fce445030aaf,boulevard.feedback,available,9,310.7,medium,low,9,spaceship,,,28/09/2026 18:27
c34b0d7e-ebbc-4337-8aef-6762085d7409,angelfish.feedback,available,9.99,329.99,high,low,9,namesilo,,,19/09/2026 05:56
5e9d8d69-586a-4986-a66a-a07aed07c09f,additional.feedback,available,9.98,489.98,high,low,10,namecheap,,,21/09/2026 17:14
5cd8f2a1-1fa7-41b6-b088-100b7ecac333,mongol.feedback,available,9.98,489.98,high,low,6,namecheap,,,25/08/2026 04:45
d95fbe1c-3806-471b-8e1f-906de7282299,falkland.feedback,available,9,310.7,medium,low,8,spaceship,,,28/09/2026 12:09
77d042b1-2a79-42a2-94aa-7a9c57583043,studies.feedback,available,9.99,329.99,high,low,7,namesilo,,,16/09/2026 11:06
38729906-2a47-4e40-8176-bb5401366715,librarian.feedback,available,9.98,489.98,high,low,9,namecheap,,,23/09/2026 12:54
118bc59d-8fde-460a-9f55-ab31e6b7b41f,renounce.feedback,available,9,310.7,high,low,8,spaceship,,,29/09/2026 14:11
4645fc25-3b3f-449d-bab9-5b2f79ff4e99,ketchup.feedback,available,9.99,329.99,high,low,7,namesilo,,,24/09/2026 13:10
04f2d3f0-a2ac-4e2c-8000-69ffdcaf57f3,stomachic.feedback,available,9.98,489.98,medium,low,9,namecheap,,,18/08/2026 20:37
c263cc6e-504c-43a7-b3f7-e39126331131,sickish.feedback,available,9.98,489.98,low,low,7,namecheap,,,03/09/2026 14:05
a602247e-3c1d-4646-9c02-3a2c8d411787,donated.feedback,available,9,310.7,medium,low,7,spaceship,,,29/09/2026 00:11
d0972d75-ec5b-417b-a126-20c58da33114,alumina.feedback,available,9.99,329.99,high,low,7,namesilo,,,18/09/2026 15:12
43260355-c712-4e92-b53b-ac4f3e0fd904,afloat.feedback,available,15.99,,high,low,6,name.com,,,
d51b1d32-b11b-4ddf-bdc6-de97b702688c,yobbo.feedback,available,9.98,489.98,medium,low,5,namecheap,,,11/08/2026 08:50
e4017686-3e8d-4020-a245-220d79aa128e,brecht.feedback,available,9.99,329.99,high,low,6,namesilo,,,23/09/2026 10:18
6537dd27-7b57-4033-9b44-098d7f573cdb,inform.feedback,available,9.99,329.99,high,low,6,namesilo,,,16/09/2026 07:13
f5030e1e-57a9-4be3-bb36-944ab3b5cfeb,holliday.feedback,available,9.99,329.99,medium,low,8,namesilo,,,29/09/2026 04:32
9c3fbbf0-1cee-4236-9f32-e53b3027624c,cockney.feedback,available,9.98,489.98,medium,low,7,namecheap,,,12/08/2026 14:58
b2f5039f-22d5-4722-b34a-e4660282c68e,introduced.feedback,available,15.99,,high,low,10,name.com,,,
202551f1-4980-448f-ab3b-b6041e72aa2c,crossly.feedback,available,9.98,489.98,low,low,7,namecheap,,,14/09/2026 09:42
5d90ec48-b214-4b50-a4d1-c7b23baad31b,senseless.feedback,available,9.98,489.98,medium,low,9,namecheap,,,03/09/2026 17:48
1fe10130-d72a-4bae-adcd-d780fcd7933e,encouraged.feedback,available,9.99,329.99,high,low,10,namesilo,,,23/09/2026 10:08
88524012-3543-4da9-8de4-b29682ca2dcb,disordered.feedback,available,9.98,489.98,medium,low,10,namecheap,,,14/08/2026 11:18
6cebd701-2d79-4aa1-a185-8f92662ac9d5,scag.feedback,available,9.99,329.99,medium,low,4,namesilo,,,23/09/2026 14:40
21578ff4-cbe4-4831-b32b-63a0e2194240,raiment.feedback,available,9.98,489.98,medium,low,7,namecheap,,,19/09/2026 19:57
1b84eb05-62e4-4cb5-a54e-e1268726128a,mathews.feedback,available,9.99,329.99,medium,low,7,namesilo,,,27/09/2026 01:56
d94613af-c831-43ea-9bc7-609674d477cb,specify.feedback,available,300.2,300.2,high,low,7,cloudflare,,,29/09/2026 20:40
a9f7b458-eb9b-45a2-ab88-16badac0e0b6,amines.feedback,available,300.2,300.2,medium,low,6,cloudflare,,,29/09/2026 11:37
64aff86d-8007-4a19-a417-b25aaaa7d79e,akko.feedback,available,9.98,489.98,high,low,4,namecheap,,,16/09/2026 22:23
e75eddab-dac7-43f7-954f-da0e059b8e98,downsizing.feedback,available,9.98,489.98,medium,low,10,namecheap,,,24/09/2026 23:41
97597101-9258-4259-933e-607aac211f73,fellowman.feedback,available,9.99,329.99,medium,low,10,namesilo,,,21/09/2026 03:03
f12e1c5f-29de-4200-b85f-6b12d42d0e37,obsessive.feedback,available,9.99,329.99,high,low,9,namesilo,,,25/09/2026 23:45
96f29cb9-c009-4457-a712-48887b81198d,pronghorn.feedback,available,9.98,489.98,medium,low,9,namecheap,,,18/09/2026 19:07
9ad8c3f7-5c11-4154-af3f-fd197b5b008c,truncate.feedback,available,9.98,489.98,high,low,8,namecheap,,,11/09/2026 20:40
988e5540-8a67-4c8f-88f9-2e13dcedbd2e,visconti.feedback,available,9.99,321.22,medium,low,8,dynadot,,,30/09/2026 01:25
42395f3e-af5f-4581-9fe1-1b105033f84a,jinxed.feedback,available,9.98,489.98,medium,low,6,namecheap,,,21/08/2026 07:53
8dcb6fb9-d087-4693-a207-5be2f7e05e7a,stoddard.feedback,available,9,310.7,medium,low,8,spaceship,,,29/09/2026 09:50
00a557ab-b005-4010-a5c5-b4c5885d9825,transferring.feedback,available,9.99,329.99,high,low,12,namesilo,,,28/09/2026 16:00
dbdfb159-1b51-4530-8dcd-14479635fed6,euphoric.feedback,available,9.98,489.98,high,low,8,namecheap,,,17/08/2026 14:22
09daf884-e594-4171-9faf-559d5c2d2bfe,tormented.feedback,available,9.98,489.98,medium,low,9,namecheap,,,
9e0cca35-958e-4fed-8d9e-86828c81e658,manzoni.feedback,available,9.99,329.99,high,low,7,namesilo,,,18/09/2026 05:31
af6a9547-b991-494a-b586-8562a8e0e0cf,tells.feedback,available,9.99,329.99,high,low,5,namesilo,,,18/09/2026 14:10
6657e186-1559-4ec5-8990-d1419b99605e,diffusely.feedback,available,9.98,489.98,medium,low,9,namecheap,,,14/09/2026 12:36
aaa76291-b499-4578-a70e-cfc675f936a5,clubhouse.feedback,available,9.98,489.98,high,low,9,namecheap,,,29/09/2026 18:23
1a485eea-2965-4d14-8b3a-a8d365110475,whorled.feedback,available,9.98,489.98,medium,low,7,namecheap,,,12/08/2026 16:18
049afe8f-79f1-4d2b-97a4-db80555902e7,dopey.feedback,available,9.98,489.98,medium,low,5,namecheap,,,14/08/2026 16:04
23c4258b-806e-450f-8e5d-35908927391a,arctan.feedback,available,9.99,329.99,medium,low,6,namesilo,,,20/09/2026 01:31
739e8925-fd23-4906-abdd-9962aa86df0d,assigned.feedback,available,9.98,489.98,medium,low,8,namecheap,,,07/08/2026 06:35
cbea1d0d-f1e1-4361-9b00-074ce799e1eb,wipe.feedback,available,9.27,309.47,high,low,4,porkbun,,,27/09/2026 16:23
b3832ba2-d629-402e-93d1-91ffa11df46e,idealistic.feedback,available,9.98,489.98,high,low,10,namecheap,,,17/08/2026 15:48
cdbdda3c-ed6e-452d-a91e-0facf39e9c65,clorox.feedback,available,9.99,329.99,high,low,6,namesilo,,,24/09/2026 15:53
2ff305e4-2633-41f4-bd47-aa1ce9280020,avicenna.feedback,available,9.99,329.99,high,low,8,namesilo,,,16/09/2026 18:41
5ce052b3-b3cb-4c49-abd2-dd9a5b27caf1,bilsted.feedback,available,9.98,489.98,medium,low,7,namecheap,,,18/09/2026 20:49
aa8bf714-87e2-488d-8813-16958e25b235,configured.feedback,available,9.98,489.98,high,low,10,namecheap,,,12/08/2026 20:47
cb86a94a-3def-4b7b-827f-c2c73e6022b7,ratio.feedback,available,9.99,329.99,high,low,5,namesilo,,,28/09/2026 15:13
9337bba0-5add-4b1c-9931-85dcfa1caa33,vespucci.feedback,available,15.99,799.99,high,low,8,name.com,,,18/09/2026 21:04
f5b4cf80-60e3-4eaa-af29-e43731b1845a,affirm.feedback,available,,,high,high,6,,,,
dadc4555-c01f-4e44-bc32-f61b665d3f9f,largest.feedback,available,300.2,300.2,medium,low,7,cloudflare,,,27/09/2026 21:38
6528284d-c9d8-411a-bf1c-3db7d71bce30,sessions.feedback,available,9.99,329.99,high,low,8,namesilo,,,28/09/2026 03:02
0051f40f-d45c-4c23-8a10-1478a5feb44e,bismuth.feedback,available,9.99,329.99,high,low,7,namesilo,,,20/09/2026 23:53
56343167-c019-401c-82f7-052113d6b478,phonetic.feedback,available,9.98,489.98,high,low,8,namecheap,,,08/09/2026 19:04
05574e2a-ac75-4692-9dab-9752e722a3d2,upstart.feedback,available,9.98,489.98,high,low,7,namecheap,,,25/09/2026 23:17
2d6a0021-f9ea-48c5-b802-7bfb8043e9f5,binnacle.feedback,available,9.99,329.99,medium,low,8,namesilo,,,23/09/2026 17:36
c13e3632-ec0e-4961-9063-dd65f56e7d14,papery.feedback,available,9.98,489.98,medium,low,6,namecheap,,,12/08/2026 02:43
dc9df539-95f3-41a0-a7ee-0cd37075acb2,acquisition.feedback,available,9.99,329.99,high,low,11,namesilo,,,28/09/2026 05:29
b52ebca4-824a-435b-88f2-8ec3b5ee38dd,uniquely.feedback,available,9.99,329.99,high,low,8,namesilo,,,16/09/2026 10:06
941b1823-c774-4b1e-83db-3b3f2fbc957e,conformist.feedback,available,9.98,489.98,medium,low,10,namecheap,,,12/08/2026 21:13
138d5784-6e08-4260-91fd-2c346f4aecbf,rival.feedback,available,9,310.7,high,low,5,spaceship,,,28/09/2026 05:26
2a61fc9a-f944-4fe0-983e-4ee9b68472e9,corpses.feedback,available,9,310.7,low,low,7,spaceship,,,28/09/2026 23:15
133c3cec-1f9a-4507-81be-424c06fbee8b,attired.feedback,available,9.98,489.98,medium,low,7,namecheap,,,06/08/2026 04:47
5f084bf5-a6ff-41f4-93ef-29b0b4dd3157,pulverized.feedback,available,9.98,489.98,medium,low,10,namecheap,,,18/08/2026 04:41
4cabccf7-efa2-4685-b43a-cc7cbbf6af80,larger.feedback,available,9.98,489.98,high,low,6,namecheap,,,22/09/2026 20:38
7a52e6d6-919a-443c-830c-3885b53e07da,processed.feedback,available,9,310.7,medium,low,9,spaceship,,,28/09/2026 08:40
ddacc54b-b4d3-48eb-8ef6-325cc4ac691c,ferial.feedback,available,9.98,489.98,medium,low,6,namecheap,,,18/08/2026 01:56
b389e81f-0a3d-472d-bd9a-19e72a7f62b8,stoppage.feedback,available,9.98,489.98,medium,low,8,namecheap,,,20/08/2026 22:57
5aa5c5fc-50d1-4195-9013-d4df484ca062,torrid.feedback,available,9.98,489.98,high,low,6,namecheap,,,06/08/2026 16:35
1dbff178-6ad6-41d6-be86-fb4267a141ea,opening.feedback,available,9.98,489.98,high,low,7,namecheap,,,04/09/2026 16:15
d1dc59a6-eaa5-4555-8d96-3b1fd074072e,supervisor.feedback,available,9.98,489.98,high,low,10,namecheap,,,29/09/2026 18:27
0c860561-cfaf-4b8a-a2bf-e014662d990e,ignored.feedback,available,9.98,489.98,medium,low,7,namecheap,,,21/08/2026 18:34
2b219c6f-44a3-4adc-a9c4-d526cd829313,argonaut.feedback,available,9.99,329.99,medium,low,8,namesilo,,,20/09/2026 04:31
23191734-13ca-4f93-bfb9-350da4410323,rangy.feedback,available,9.98,489.98,medium,low,5,namecheap,,,18/08/2026 20:13
ea3e1126-fdc9-4478-b770-a5d05035ddc7,wasteful.feedback,available,9.98,489.98,medium,low,8,namecheap,,,12/09/2026 08:47
088b06af-168e-4ead-baef-c5f6a0b95c5b,scramble.feedback,available,9.99,329.99,high,low,8,namesilo,,,24/09/2026 15:13
5b247317-6feb-49e4-ba4b-1128b04717a1,abridged.feedback,available,9.98,489.98,high,low,8,namecheap,,,
6c965f63-ddea-47ba-8f8e-37ea95f96f1c,corrosive.feedback,available,9.98,489.98,high,low,9,namecheap,,,13/08/2026 02:07
50540c60-fa0d-4f22-8d48-c3a3cbbe7f54,contradiction.feedback,available,9.99,321.22,medium,low,13,dynadot,,,29/09/2026 15:55
058131eb-2935-4504-9373-29dca11ee0d0,eagerly.feedback,available,9.98,489.98,high,low,7,namecheap,,,14/09/2026 14:54
cd5b3be1-364b-400a-815a-4830d091e7c8,aged.feedback,available,9.98,489.98,high,low,4,namecheap,,,21/09/2026 22:26
847eaa62-283c-404d-a32f-20fdefc75bf1,norvasc.feedback,available,9.99,329.99,medium,low,7,namesilo,,,18/09/2026 21:58
82e40a3e-66e3-4a86-b048-cdcfa77a8989,riled.feedback,available,9.98,489.98,high,low,5,namecheap,,,
e05e1b0f-3ae6-4f43-a2e8-fb9857136f42,gained.feedback,available,9.99,321.22,low,low,6,dynadot,,,28/09/2026 08:35
e4fd7f04-0dc4-4c62-aeef-006a71bbf213,violence.feedback,available,9.99,329.99,high,low,8,namesilo,,,27/09/2026 03:55
a9fc0360-a517-4773-968b-faf4d35e7934,dns.feedback,premium,9,414.2,high,medium,3,spaceship,,,29/09/2026 03:47
1dff220d-a904-4951-a965-e0e4e3509819,threaded.feedback,available,9.98,489.98,high,low,8,namecheap,,,11/09/2026 14:12
6d2bb8da-623c-45cc-96ce-b30aae3bcdfc,caps.feedback,available,9,310.7,high,low,4,spaceship,,,28/09/2026 22:50
51cd59a4-25b9-42fc-905e-9e53fdb4972c,bivalvia.feedback,available,9.99,329.99,medium,low,8,namesilo,,,23/09/2026 23:16
315de752-1874-488d-ba49-96ec9f95b673,calcutta.feedback,available,9.99,329.99,high,low,8,namesilo,,,30/09/2026 00:56
50aad3a8-88bb-4d13-add6-ee06ca151cf3,conway.feedback,available,9.98,489.98,high,low,6,namecheap,,,25/09/2026 21:36
0115699c-80e6-4c78-8355-1cef4fe50b2d,unimposing.feedback,available,9.98,489.98,medium,low,10,namecheap,,,12/09/2026 13:12
4bd8da64-7f2c-4776-a726-abc2e68da805,accuse.feedback,available,9.99,329.99,medium,low,6,namesilo,,,29/09/2026 02:41
aa2f56e4-e717-43e7-96b2-e35af7ebd6fc,toothcare.feedback,available,15.99,,medium,low,9,name.com,,,
68856a92-5260-4585-b31a-8fb2026678c7,clouds.feedback,available,9.99,329.99,high,low,6,namesilo,,,27/09/2026 09:07
df264376-58ee-4b3d-b783-60ade14e6718,indifferent.feedback,available,15.99,,high,low,11,name.com,,,
a76e916f-37bd-4ccb-92c6-624559cbc132,testicle.feedback,available,9.98,489.98,high,low,8,namecheap,,,21/09/2026 22:59
5f097cab-2108-428e-af62-438aa0aade27,misguided.feedback,available,9.98,489.98,medium,low,9,namecheap,,,21/08/2026 18:57
e0a26c66-2f91-4f4e-bada-9270c16fb9ce,sardinian.feedback,available,9.98,489.98,high,medium,9,namecheap,,,09/09/2026 21:30
6a25dbf4-b60c-45bf-8f63-c1862295e1c4,ballard.feedback,available,9,310.7,high,low,7,spaceship,,,29/09/2026 22:22
8f076dcf-1c46-42eb-933c-b0127f80596f,lexington.feedback,available,9.99,329.99,high,medium,9,namesilo,,,25/09/2026 08:56
e643e3bd-d259-4d44-b1b9-baa61c86a227,riant.feedback,available,9.98,489.98,medium,low,5,namecheap,,,22/08/2026 20:55
bdbcdc17-f097-47fa-801b-8bd24e89fb24,tabby.feedback,available,9.99,329.99,high,low,5,namesilo,,,23/09/2026 09:31
737c0ef5-8fe6-4e8e-9f7e-ee968526d504,trumbull.feedback,available,9.99,329.99,medium,low,8,namesilo,,,28/09/2026 14:37
0911c156-e040-4269-bb53-5c064e31b04b,shoebill.feedback,available,9.98,489.98,medium,low,8,namecheap,,,21/09/2026 20:35
a20ac87a-a86e-4f95-a7e8-b279d0a5ed27,eery.feedback,available,9.98,489.98,medium,low,4,namecheap,,,15/08/2026 12:45
4e42cfd1-0553-463b-adac-280bf0170cc5,vindicated.feedback,available,9.98,489.98,high,low,10,namecheap,,,08/09/2026 05:23
e4321e45-ff98-498a-a16a-fe88dfef4794,nutty.feedback,available,9.98,489.98,high,low,5,namecheap,,,06/08/2026 21:27
a789c504-9970-4c06-a7c1-e090d712524d,brighter.feedback,available,9,310.7,high,low,8,spaceship,,,29/09/2026 10:57
381f515e-6672-4060-9cc0-65066298fffb,elam.feedback,available,9.99,321.22,medium,low,4,dynadot,,,30/09/2026 01:29
d57e707a-be42-440b-af12-269a11b9624c,creeping.feedback,available,9.99,329.99,medium,low,8,namesilo,,,29/09/2026 00:36
13246330-5e49-421d-bd80-96f415b10cf3,keno.feedback,available,9.98,489.98,high,low,4,namecheap,,,22/09/2026 20:42
b04467b5-a4a0-4791-ab83-de2c810e8fba,fortissimo.feedback,available,9.98,489.98,high,low,10,namecheap,,,18/08/2026 12:41
5078e8cb-15be-4d72-9f2f-06a2a8958961,chimeric.feedback,available,9.98,489.98,medium,low,8,namecheap,,,12/08/2026 05:37
48de1bea-49b7-44fd-b758-452dfb05d82f,endwise.feedback,available,9.98,489.98,medium,low,7,namecheap,,,14/09/2026 15:37
65397c2d-7bcd-4301-930a-f2e4a9a76010,inviolable.feedback,available,9.98,489.98,medium,low,10,namecheap,,,21/08/2026 23:02
49c5ac44-669a-4233-9c88-408c27eee50f,greenly.feedback,available,9.98,489.98,medium,low,7,namecheap,,,14/09/2026 22:19
16deb156-1dcf-47b9-b13e-d79af5686334,fallacious.feedback,available,9.98,489.98,medium,low,10,namecheap,,,13/08/2026 21:08
194cca55-f52c-463d-a1c0-0bcc081f7411,worse.feedback,available,9.99,321.22,high,low,5,dynadot,,,28/09/2026 10:56
d1c8c0fc-1fdb-42b7-83c5-85bdb406e990,marshal.feedback,available,300.2,300.2,high,low,7,cloudflare,,,28/09/2026 19:50
79604fd9-41a3-4a75-8afb-6daf37486d5d,checks.feedback,available,9.98,489.98,high,low,6,namecheap,,,25/09/2026 20:11
8175512c-8451-4e37-baae-7b50dbdcd320,perdurable.feedback,available,9.98,489.98,medium,low,10,namecheap,,,08/09/2026 16:24
77c9147c-8738-4b5d-8915-5441b2146b0b,axe.feedback,premium,9.8,437.19,high,low,3,porkbun,,,28/09/2026 23:50
6052ce27-ed8c-45d2-8efd-22906640eeea,atp.feedback,premium,560,560,high,low,3,namecheap,,,28/09/2026 18:27
cdb3d13b-930b-4f22-86e2-6d50b8f8b7c1,neilson.feedback,available,9,310.7,medium,low,7,spaceship,,,29/09/2026 22:20
71301385-e537-4267-8aca-e37bf7ab2808,meditative.feedback,available,9.98,489.98,high,low,10,namecheap,,,11/08/2026 05:56
f94c2e1b-71ab-4ee0-84c8-d94f5e93456f,truly.feedback,available,9.99,329.99,high,low,5,namesilo,,,28/09/2026 15:02
ee6b71f7-d09b-4346-b226-78237e1f31c2,pes.feedback,premium,9,414.2,high,low,3,spaceship,,,30/09/2026 01:41
b6839969-310c-47a1-a4ec-240ae2eff157,homeward.feedback,available,9.98,489.98,high,low,8,namecheap,,,21/08/2026 11:22
b08dd12c-6d15-4170-9f19-5dc681a68529,explosion.feedback,available,9.99,329.99,high,low,9,namesilo,,,25/09/2026 21:57
f8ae4f2d-dc9c-4ffe-8e2d-f985f87cd364,stains.feedback,available,9.99,329.99,medium,low,6,namesilo,,,29/09/2026 22:47
f82207e1-1484-4220-bf56-c97795ec3c58,tetchy.feedback,available,9.98,489.98,medium,low,6,namecheap,,,22/08/2026 10:31
c5cd44e6-af63-4ca5-ad31-c6a878f71b7d,maze.feedback,available,9,310.7,high,low,4,spaceship,,,30/09/2026 01:52
ca123cba-7639-41e7-89f9-1cc40186bd54,throng.feedback,available,9.99,329.99,high,low,6,namesilo,,,24/09/2026 17:08
166b3c6f-07f5-4395-a95d-f6b979b44a83,audiences.feedback,available,300.2,300.2,medium,low,9,cloudflare,,,29/09/2026 11:20
92208536-fcad-471e-8886-f9693f4d2c9e,ric.feedback,premium,512,512,medium,low,3,namesilo,,,28/09/2026 15:49
1c5400c7-d5d2-4aa6-826e-60a2ae5c8c31,helper.feedback,available,9.99,329.99,high,low,6,namesilo,,,22/09/2026 09:58
4b9ead17-b682-4c8d-9df9-7dee56222b57,vols.feedback,available,9,310.7,medium,low,4,spaceship,,,27/09/2026 11:41
6ca00c45-7412-42a1-9e8e-2ce04722da17,rats.feedback,available,15.99,,high,low,4,name.com,,,
367b27ce-3040-42f8-aabc-a916816dc1bd,wimbledon.feedback,available,9,310.7,medium,low,9,spaceship,,,28/09/2026 20:48
12c9cd20-f3bc-441d-a65f-6c08e4a85808,intersex.feedback,available,9.98,489.98,high,low,8,namecheap,,,17/08/2026 10:33
bb105214-2e8f-4a0d-80cf-ab0f16c784a3,dogmatic.feedback,available,9.98,489.98,medium,low,8,namecheap,,,14/08/2026 15:09
02002d54-5d7f-4a77-b752-34b16a310fbe,frameworks.feedback,available,9.99,321.22,high,low,10,dynadot,,,28/09/2026 00:38
5c661409-b59a-4c1c-99f0-a9edd3d26bcc,exclaimed.feedback,available,9.98,489.98,medium,low,9,namecheap,,,18/09/2026 01:31
653ec577-3d56-4d02-9f66-52cc0e25875c,toes.feedback,available,9.99,329.99,medium,low,4,namesilo,,,17/09/2026 01:11
a11ff72b-80ad-43d5-bb91-43869a88ce28,treating.feedback,available,9.99,329.99,high,low,8,namesilo,,,28/09/2026 08:47
9beee2f3-ed0c-4f59-bb1e-1e3235e34394,glorified.feedback,available,9.98,489.98,high,low,9,namecheap,,,11/08/2026 17:29
f3960dc7-5428-437a-aa13-2ace3e2d28be,buckshot.feedback,available,9.98,489.98,high,low,8,namecheap,,,23/09/2026 20:24
fc0ec2ae-f201-44bd-9fe4-328d69319d32,senescent.feedback,available,9.98,489.98,medium,low,9,namecheap,,,
65629560-f0e2-45bd-a6f5-abf7e08eed8a,parted.feedback,available,9.98,489.98,high,low,6,namecheap,,,08/09/2026 01:57
d97f60b7-8b1a-418e-a5b0-6fca72225a66,spiky.feedback,available,9.98,489.98,medium,low,5,namecheap,,,08/09/2026 11:12
646850c3-5c7d-4577-842f-487db5b3daaa,fighting.feedback,available,9.98,489.98,high,low,8,namecheap,,,24/09/2026 18:04
09066940-b9b2-45aa-8b73-a3ab6fb62131,mosque.feedback,available,15.99,,high,low,6,name.com,,,
33d2ee8e-ba2f-499d-9850-c27c5cb38c9c,obscenity.feedback,available,9.99,329.99,medium,low,9,namesilo,,,22/09/2026 16:47
8e69e81e-2159-4e24-8f45-e9ad095b08bb,bountied.feedback,available,9.98,489.98,high,medium,8,namecheap,,,10/08/2026 22:40
60edde54-a58a-41ea-8ae2-3a84b82310f2,muskegon.feedback,available,9.99,321.22,medium,low,8,dynadot,,,29/09/2026 10:06
45ef4713-40b2-4f20-bbc5-5f292306fb71,flurry.feedback,available,9.99,329.99,high,low,6,namesilo,,,17/09/2026 09:17
e356c89f-336a-4f59-b154-1090b0da7bfd,booklover.feedback,available,9.99,329.99,high,low,9,namesilo,,,23/09/2026 12:51
461edd37-70b9-4a6a-af2e-09c5a2df9fb1,fable.feedback,available,9.99,329.99,high,low,5,namesilo,,,18/09/2026 10:35
c357fc0b-4f97-4072-af7c-d086dc8fcdc3,giddy.feedback,available,9.98,489.98,medium,low,5,namecheap,,,
fc140c52-9367-4af4-929d-6212f95341df,doom.feedback,available,9.99,329.99,high,low,4,namesilo,,,24/09/2026 23:34
8dc17a5d-76d8-4bb1-9c81-c6fb50a17fc7,quartette.feedback,available,9.98,489.98,medium,low,9,namecheap,,,09/09/2026 07:26
0eb764e5-8495-47eb-98ee-5085f0dec4b7,complexly.feedback,available,9.98,489.98,medium,low,9,namecheap,,,14/09/2026 07:45
b09ba0d4-2107-415a-a9e7-f4d21f11dde3,deposit.feedback,available,9,310.7,high,low,7,spaceship,,,28/09/2026 20:39
ebabbc1b-5372-489d-b3eb-19e227390e0a,medically.feedback,available,9.98,489.98,medium,low,9,namecheap,,,15/09/2026 13:56
a8931f1c-989d-4d5a-9990-970a4e054ba2,lii.feedback,available,9.98,489.98,high,low,3,namecheap,,,
05978646-580a-421f-83e0-c91260f862de,voluntarily.feedback,available,15.99,,high,low,11,name.com,,,
a6c624d2-30ef-4a1f-a7a7-e5e2246c150d,whip.feedback,available,9.99,329.99,high,low,4,namesilo,,,28/09/2026 11:01
36191a81-f785-4a1d-a658-3eb8bdf3c0ee,inspiring.feedback,available,9.99,329.99,high,low,9,namesilo,,,25/09/2026 09:50
ed6180d8-918c-4806-9228-a3f37eb3b7e1,bahaism.feedback,available,9.98,489.98,medium,low,7,namecheap,,,21/09/2026 18:33
bc01a107-9fd5-40ae-8469-1a61b57b9e65,allegedly.feedback,available,9.98,489.98,high,low,9,namecheap,,,13/09/2026 19:04
b36c9fb4-f94d-4897-8dab-25491826fcab,squab.feedback,available,9.98,489.98,medium,low,5,namecheap,,,10/09/2026 17:08
c4ec6174-7d49-48c6-b0ac-14816c5bbd74,backspin.feedback,available,9.99,329.99,high,low,8,namesilo,,,21/09/2026 16:02
99514ea9-a5ef-4f20-869a-8841723aa8f3,whiny.feedback,available,9.98,489.98,medium,low,5,namecheap,,,09/09/2026 08:37
2d50d9f2-dc6f-4da8-8735-cf6a49ea2dd7,mid.feedback,premium,560,560,high,low,3,namecheap,,,
8f48821e-c920-4f86-9a3e-e456394fbfd0,condolences.feedback,available,15.99,,high,low,11,name.com,,,
c905eced-a9c6-4799-9625-4d4d28c8235c,loire.feedback,available,9.99,321.22,medium,low,5,dynadot,,,28/09/2026 14:48
cc237c1e-342c-4efd-984b-97950ba56a8c,pasadena.feedback,available,300.2,300.2,high,low,8,cloudflare,,,29/09/2026 19:55
39c2df99-c766-452e-bcc9-b4c3a1be3b77,secluded.feedback,available,9.99,329.99,high,low,8,namesilo,,,27/09/2026 06:24
17b1d533-e543-4c66-b608-d5ff68a56bb5,myspace.feedback,available,15.99,,high,medium,7,name.com,,,
ac38763e-1b76-4b03-b858-6362ed4de6cd,descendant.feedback,available,9.98,489.98,high,low,10,namecheap,,,14/08/2026 03:14
de3fd32d-9c5f-45dc-adaf-167450081612,responding.feedback,available,9.98,489.98,high,low,10,namecheap,,,28/09/2026 07:25
a4ab7a4a-ae2c-4094-bfbb-b4b74b1ddabd,slushy.feedback,available,9.98,489.98,medium,low,6,namecheap,,,09/08/2026 01:25
b17d5a11-9243-4c14-a588-9b9262d6d783,monterrey.feedback,available,9,310.7,high,low,9,spaceship,,,28/09/2026 14:54
e3b85acb-d981-4117-b04f-688b2b9949b5,embassy.feedback,available,9.27,309.47,high,low,7,porkbun,,,28/09/2026 05:36
047a4448-be50-493f-9135-3164df524825,poorly.feedback,available,9.99,329.99,medium,low,6,namesilo,,,25/09/2026 07:34
0ceb718c-6195-492f-bda5-31f197fcd11f,ecm.feedback,premium,9,414.2,high,low,3,spaceship,,,29/09/2026 06:42
a8a413e8-e55d-4f1d-a1e6-90118664b482,holler.feedback,available,9.99,329.99,high,low,6,namesilo,,,23/09/2026 00:27
1a32bb63-b9c2-44ad-b5c2-dbb363f86488,hoydenish.feedback,available,9.98,489.98,low,low,9,namecheap,,,21/08/2026 14:29
0de50f6c-e42b-4914-9f70-b5cdf2f3359e,antiquity.feedback,available,9.98,489.98,medium,low,9,namecheap,,,19/09/2026 03:50
430b462e-bb0c-4bd8-922d-7e965f29aedf,macabre.feedback,available,9.98,489.98,medium,low,7,namecheap,,,18/08/2026 23:19
404d1944-6269-449a-877b-8c4dcab929b4,sentential.feedback,available,9.98,489.98,medium,low,10,namecheap,,,10/09/2026 03:50
88fa8547-2bdb-4abb-b4c9-c9c275aaa9b7,bedrock.feedback,available,9.98,489.98,high,low,7,namecheap,,,22/09/2026 10:39
30bdc922-cd0a-4d7b-898c-411417289684,wingstem.feedback,available,9.99,329.99,medium,low,8,namesilo,,,17/09/2026 04:57
dfe582b6-090c-44ac-b807-df562ad36a5b,studded.feedback,available,9.98,489.98,medium,low,7,namecheap,,,10/09/2026 22:57
5b5ddf8a-b0cb-4321-9cad-cfaf81556921,socket.feedback,available,9,310.7,high,low,6,spaceship,,,29/09/2026 13:58
63902bb8-9a63-4023-a5dd-e0f6d0342a11,flagfish.feedback,available,9.98,489.98,medium,low,8,namecheap,,,18/09/2026 19:58
d69b3dd4-4e5d-462c-9260-bce733910796,musts.feedback,available,9.99,329.99,medium,low,5,namesilo,,,19/09/2026 21:45
638ae375-02de-4799-b448-4e749cca30bb,soothes.feedback,available,9.99,329.99,medium,low,7,namesilo,,,20/09/2026 05:20
f9565bc2-a6a2-4334-8f97-4e6c663a1d94,difference.feedback,available,9,310.7,high,low,10,spaceship,,,29/09/2026 14:33
083cdf4f-44ed-4172-84bf-c6842bf10dea,connective.feedback,available,9.98,489.98,high,low,10,namecheap,,,12/08/2026 22:16
1b32d431-0d30-4035-b3b3-c40b894247b2,uneducated.feedback,available,9.98,489.98,medium,low,10,namecheap,,,12/09/2026 08:53
bb423b3c-2370-4c64-9fbc-ccbdd19d957d,enough.feedback,available,9.99,329.99,high,low,6,namesilo,,,24/09/2026 14:04
27d39013-4dd9-42c4-97ba-8767b1387ea7,correlated.feedback,available,9.98,489.98,high,low,10,namecheap,,,13/08/2026 02:01
86bc1425-9f72-4ab9-9c0e-81f4315c0a94,prevention.feedback,available,9.98,489.98,high,low,10,namecheap,,,08/09/2026 14:09
eb7cc740-a2d8-43f0-b8fc-25d14ff21c6f,antigram.feedback,available,9.99,329.99,low,low,8,namesilo,,,19/09/2026 14:31
9412f4c9-1972-4472-9f4a-843c0e80a12c,synchronise.feedback,available,15.99,,high,low,11,name.com,,,
be20d6c2-56b5-4fff-900b-8bf6ddd43465,interrupted.feedback,available,9,310.7,medium,low,11,spaceship,,,28/09/2026 08:46
e1abae4b-49fd-468c-981d-ce884f8d64c7,wiggler.feedback,available,9.99,329.99,medium,low,7,namesilo,,,19/09/2026 06:38
8eb689ee-4517-4077-8262-50a069d83b93,aerate.feedback,available,9.98,489.98,high,low,6,namecheap,,,17/09/2026 21:35
ac5d9ac9-ee53-409f-ba31-e623a03aca19,picking.feedback,available,9.99,329.99,high,low,7,namesilo,,,25/09/2026 09:58
e6ed86a2-cec7-4ff4-9694-6d327d8fa4b1,stronger.feedback,available,15.99,,high,low,8,name.com,,,
7227103b-dc4a-49ad-b0a8-b8506d27a689,rihanna.feedback,available,15.99,,high,low,7,name.com,,,
fc92607f-be14-442c-98be-9502a524caaf,schwartz.feedback,available,9.99,329.99,high,low,8,namesilo,,,25/09/2026 15:46
906fa5b6-1b56-464b-b4bd-e0e1bbff00b9,wages.feedback,available,15.99,,high,low,5,name.com,,,
016028d5-c9a1-4972-aa0c-0e243e7c84d8,overload.feedback,available,9,310.7,high,low,8,spaceship,,,29/09/2026 13:38
fc56d3ed-540a-474e-aae9-8535fa02d2c8,newcomer.feedback,available,9.98,489.98,high,low,8,namecheap,,,18/08/2026 07:31
8ed24821-958f-4e90-9db5-b11a308c3bd5,severe.feedback,available,9.99,329.99,high,low,6,namesilo,,,22/09/2026 13:18
6693fe20-baf1-4c79-860b-29d9ad0e9544,bailiwick.feedback,available,9.98,489.98,medium,low,9,namecheap,,,21/09/2026 19:08
e5f9359e-0dd1-46f2-8961-58bc45a7d7b6,hotshot.feedback,available,9.99,329.99,high,low,7,namesilo,,,21/09/2026 17:48
d4081785-26a9-400e-bc0a-6c6ddc4d9a34,forgiveness.feedback,available,9.98,489.98,high,low,11,namecheap,,,28/09/2026 08:15
539e7ae4-e584-4b20-9e05-587d77c287e0,unfeigned.feedback,available,9.98,489.98,high,low,9,namecheap,,,12/09/2026 10:06
19575d42-e33b-4467-bb7e-f063962c16a6,seaborgium.feedback,available,9.99,329.99,medium,low,10,namesilo,,,20/09/2026 22:06
0ede9d75-f3c4-4d7e-b59a-dea7bc69393d,discussions.feedback,available,300.2,300.2,medium,low,11,cloudflare,,,29/09/2026 16:36
f868159c-985b-480d-b241-a3f920ddf17b,assent.feedback,available,9.98,489.98,high,low,6,namecheap,,,20/09/2026 16:09
e591fd43-e0a6-41ef-b4bc-b251f9d6944c,juxtaposed.feedback,available,9.98,489.98,high,low,10,namecheap,,,22/08/2026 15:00
86de44ac-1b2a-44cf-b40a-3a246c05bf00,wagram.feedback,available,9.99,329.99,medium,low,6,namesilo,,,22/09/2026 16:18
7e7a0b2a-a9e7-4175-974e-4b363318c62f,instructions.feedback,available,9.98,489.98,high,low,12,namecheap,,,25/09/2026 16:47
8f246cec-22f9-492c-8bd1-64644998845d,forgetful.feedback,available,9.98,489.98,medium,low,9,namecheap,,,18/08/2026 11:56
e1138520-ae14-4451-a611-a439a1aae9ba,riskless.feedback,available,9.98,489.98,high,low,8,namecheap,,,09/09/2026 17:59
14eaca3e-f235-438c-b4ac-36aaf31b7907,adore.feedback,available,9,310.7,high,low,5,spaceship,,,29/09/2026 08:22
52f77edc-e0e5-4c51-a35a-b3205da50f84,metropolis.feedback,available,300.2,300.2,high,low,10,cloudflare,,,30/09/2026 01:03
3793a796-adf7-4b4c-b7d7-b9b18cb3fbff,delicate.feedback,available,9.99,329.99,high,low,8,namesilo,,,24/09/2026 05:30
16674a63-2466-42ec-8e8c-079c384f3d54,starve.feedback,available,9.99,321.22,medium,low,6,dynadot,,,28/09/2026 19:47
330055b3-5402-477f-a19b-f324a58e13f0,audile.feedback,available,9.98,489.98,medium,low,6,namecheap,,,07/08/2026 16:40
1fd6cd26-33df-4e20-b242-ee7911ce0b8b,regimented.feedback,available,9.98,489.98,high,medium,10,namecheap,,,09/09/2026 12:55
bec3647b-f9bf-4c11-aa30-fd6bf880df78,kee.feedback,premium,9,414.2,medium,low,3,spaceship,,,30/09/2026 00:37
78ecc87e-f446-477a-8325-84612782d0cd,goby.feedback,available,9.98,489.98,medium,low,5,namecheap,,,16/09/2026 16:23
2c2cd85f-7ceb-4fa6-a0bf-115dc5473be9,spirea.feedback,available,9.99,329.99,medium,low,6,namesilo,,,20/09/2026 17:27
0dfa4433-f9b7-4a2c-bda6-60d9688dd544,powerhouse.feedback,available,9.99,329.99,high,low,10,namesilo,,,21/09/2026 22:33
8d21a1a6-ca7c-446e-898b-eb6c91d8dfc3,farsighted.feedback,available,9.98,489.98,high,low,10,namecheap,,,17/08/2026 22:41
6ce060e5-c731-40d9-bccc-bed6b03bf29b,displays.feedback,available,9,310.7,medium,low,8,spaceship,,,30/09/2026 00:15
3ff9fcf4-feaf-4e8b-836c-3d2afd680f5a,tedious.feedback,available,9.99,329.99,medium,low,7,namesilo,,,23/09/2026 00:32
7dbad3ce-e8d4-40f4-b68e-2c7da5b8b0dd,flies.feedback,available,9.99,329.99,high,low,5,namesilo,,,25/09/2026 06:05
c223bf3b-e9cf-4da4-8a34-8ca4b2fa3655,fingered.feedback,available,9.98,489.98,high,low,8,namecheap,,,18/08/2026 04:53
7ffab104-f5f5-4d84-8ce9-2e17781669e0,csa.feedback,premium,440,440,high,low,3,dynadot,,,27/09/2026 17:26
23c5d338-7162-4944-ad8d-2fd046967cce,abaya.feedback,available,9.99,329.99,medium,low,5,namesilo,,,16/09/2026 14:18
15147c02-64e7-4739-8fff-9125f23341f7,diluvian.feedback,available,9.98,489.98,medium,low,8,namecheap,,,14/08/2026 07:51
0dd533e4-ff96-4eb6-b77f-fda26fdc4e11,onomastic.feedback,available,9.98,489.98,medium,low,9,namecheap,,,04/09/2026 15:15
e1a8ec04-296d-4ef0-af5a-436ba75d0735,hoops.feedback,available,9.99,329.99,high,low,5,namesilo,,,29/09/2026 01:29
d102fdbf-c268-4561-b42e-8ccbed16e2de,countywide.feedback,available,9.98,489.98,high,low,10,namecheap,,,13/08/2026 03:48
1a2a07b2-68dc-44bb-9155-976edbb17ffe,bittern.feedback,available,9.99,329.99,medium,low,7,namesilo,,,23/09/2026 23:02
e3e3bda3-94f9-4d9b-ae86-5c01eb2bf92c,exhausting.feedback,available,9.98,489.98,medium,low,10,namecheap,,,14/08/2026 18:21
77dcf05b-7f8f-4dcb-92fe-f957e859d188,possibility.feedback,available,9.99,329.99,high,low,11,namesilo,,,25/09/2026 16:40
1fe5e422-20c0-498a-aa42-e5c3f6f4caa9,bellboy.feedback,available,9.98,489.98,high,low,7,namecheap,,,23/09/2026 05:55
f3e8b4ef-8c9d-47cf-9d16-fba95e4b8ef9,tocsin.feedback,available,9.99,329.99,medium,low,6,namesilo,,,18/09/2026 01:57
4c301c69-f88d-4ea6-b8db-d3484dfbb242,niebuhr.feedback,available,9.99,329.99,medium,low,7,namesilo,,,22/09/2026 09:08
6d494fb3-1aa6-42ca-b8ae-70cbfd3f1269,stilly.feedback,available,9.98,489.98,low,low,6,namecheap,,,10/09/2026 20:35
056f5f2a-eefa-4b78-9188-27f81d38e3b2,regressive.feedback,available,9.98,489.98,high,medium,10,namecheap,,,09/09/2026 12:59
4259b16e-4dbf-4bba-9aeb-e9ef8913bb91,claws.feedback,available,9,310.7,medium,low,5,spaceship,,,28/09/2026 17:19
3c2d8f7c-81c2-4f91-9196-dd1cbbca43d7,taproom.feedback,available,9.99,329.99,high,low,7,namesilo,,,22/09/2026 03:42
bd44987d-9f49-408f-8b01-18400030e98d,bumpy.feedback,available,9.98,489.98,medium,low,5,namecheap,,,11/08/2026 09:48
15a52951-a892-4985-b2b0-2d5c8072d440,anthrax.feedback,available,9.99,329.99,high,low,7,namesilo,,,19/09/2026 13:52
e1a4b671-cdc8-405e-a8dc-7edad80ee1bc,attacker.feedback,available,9.99,329.99,high,low,8,namesilo,,,17/09/2026 17:41
77c7cb3a-9a17-4a97-a231-3a8185949475,subsidiaries.feedback,available,9.99,329.99,medium,low,12,namesilo,,,20/09/2026 06:35
87222aa8-ad42-412f-843e-1e0f5bd1a8d6,drugless.feedback,available,9.98,489.98,medium,low,8,namecheap,,,14/08/2026 20:11
09d893ed-1912-4e70-8efd-d887d340cee9,loses.feedback,available,9.99,329.99,medium,low,5,namesilo,,,27/09/2026 11:07
cb6404b3-83fa-4a3b-b159-e24345acac47,ata.feedback,premium,11.05,520,high,low,3,namecheap,,,28/09/2026 11:37
4443d8b7-3743-4587-81b1-0cee0577ffdf,pawpaw.feedback,available,9.99,329.99,high,low,6,namesilo,,,20/09/2026 14:11
1931fc7b-b937-4270-970c-959eb65a21a8,trine.feedback,available,9.98,489.98,medium,low,5,namecheap,,,
1e8b0737-ee40-4ac5-b7fd-8abde86a1e98,defenses.feedback,available,9,310.7,medium,low,8,spaceship,,,29/09/2026 10:39
fb696c18-b6b1-4876-afa9-a4ab718236b1,tycoons.feedback,available,9.99,329.99,medium,low,7,namesilo,,,19/09/2026 22:53
435f7030-010c-430b-90c7-66177a3b5377,spotify.feedback,available,15.99,799.99,high,high,7,name.com,,,19/09/2026 03:23
59a281f0-13d5-430d-abe4-6f12e1f29db5,atomiser.feedback,available,9.99,329.99,medium,low,8,namesilo,,,21/09/2026 00:19
cf444671-7fcc-440f-b3c0-399ebdeb0444,unprecedented.feedback,available,300.2,300.2,high,low,13,cloudflare,,,29/09/2026 16:15
4ef359f5-4775-459f-a8d2-1fb88722a558,gambian.feedback,available,9.98,489.98,medium,low,7,namecheap,,,18/08/2026 19:48
136c883c-e095-4a8b-9638-b1276e47b2d5,penalties.feedback,available,15.99,,high,low,9,name.com,,,
3b0bbcce-5070-4db9-879e-9cca526933e0,busty.feedback,available,9.98,489.98,medium,low,5,namecheap,,,10/08/2026 20:26
758dc316-f7f1-4696-a19d-029a85dac3c5,mayor.feedback,available,9.99,329.99,high,low,5,namesilo,,,24/09/2026 15:10
00350fcf-1d06-42c1-973d-ec91cdfe0e67,arequipa.feedback,available,9.99,329.99,medium,low,8,namesilo,,,20/09/2026 03:53
93257276-d549-4afd-baf8-6b244ca3a65b,compound.feedback,available,9.98,489.98,high,low,8,namecheap,,,23/09/2026 17:56
d67e56f5-1905-4c84-9233-d231f9900da1,unreached.feedback,available,9.98,489.98,high,low,9,namecheap,,,04/09/2026 18:48
c9f3e56b-2e81-428c-addb-f546764a6dfe,transformed.feedback,available,300.2,300.2,high,low,11,cloudflare,,,29/09/2026 10:35
bb798c0d-a928-4ead-baa8-a931b717599d,vessels.feedback,available,9.99,329.99,medium,low,7,namesilo,,,28/09/2026 22:44
050c3d8b-26a7-41f5-af93-adf0f10d739e,hallmark.feedback,available,9.98,489.98,high,medium,8,namecheap,,,20/09/2026 15:56
019086a6-6136-42e4-a30d-724baa0dc2be,cashable.feedback,available,9.98,489.98,medium,low,8,namecheap,,,11/08/2026 20:12
bf851f25-cc4d-48e8-96d2-90a45095b12b,started.feedback,available,9.99,329.99,medium,low,7,namesilo,,,18/09/2026 11:27
4abbd6bd-6e26-434d-bc07-41cd8c633d32,organizations.feedback,available,15.99,,medium,low,13,name.com,,,
09260d70-8a81-4bbf-bfc1-b07bfa0926c8,cello.feedback,available,9.27,309.47,high,low,5,porkbun,,,30/09/2026 01:01
a6904b2c-d99d-41e2-8fba-d8c18acd30ec,liang.feedback,available,9,310.7,high,low,5,spaceship,,,29/09/2026 22:32
119585da-bd22-40ef-aff4-b4a4e1c1e3b6,duodecimal.feedback,available,9.98,489.98,medium,low,10,namecheap,,,14/08/2026 21:19
7895e285-fc3d-439a-a265-abdfc5459b74,lakewood.feedback,available,9,310.7,medium,low,8,spaceship,,,28/09/2026 16:53
9bbbf937-a39b-4e74-8921-25c124aff99c,sear.feedback,available,9.98,489.98,medium,low,4,namecheap,,,14/08/2026 19:05
e1da73c5-ab08-4ae4-bb43-204915faec83,prairie.feedback,available,15.99,,high,low,7,name.com,,,
00fa6327-a728-4ba1-8464-02f892e0e9f8,raf.feedback,premium,512,512,high,low,3,namesilo,,,27/09/2026 05:07
5b46060b-0809-4893-911c-67722514ed46,children.feedback,available,15.99,,high,low,8,name.com,,,
65aaa858-e146-46a5-8dca-9b3df6eca62b,inclusive.feedback,available,9.98,489.98,high,low,9,namecheap,,,22/08/2026 01:35
70f53aff-1e23-4b09-bdf1-41a72fa743b7,coworker.feedback,available,9.99,329.99,high,low,9,namesilo,,,24/09/2026 16:09
63012a8c-efaf-4573-b263-9998bc1f9b19,entire.feedback,available,9.98,489.98,high,low,6,namecheap,,,17/08/2026 09:57
6c152273-e611-45a2-ada3-10bdaf05d337,dues.feedback,available,9.98,489.98,high,low,4,namecheap,,,19/09/2026 19:46
2ec4516c-3301-4405-ab93-ee197d0ba011,beneficial.feedback,available,9.98,489.98,high,low,10,namecheap,,,09/08/2026 14:24
f6c86d7c-0049-4dba-a4bd-e7c63a24bf93,binge.feedback,available,9.99,329.99,high,low,5,namesilo,,,23/09/2026 17:18
adfbe339-680a-4954-b0d6-9562053a4e53,carried.feedback,available,9.99,329.99,medium,low,7,namesilo,,,25/09/2026 17:00
6758c7ab-66f7-4364-ae3d-c14955100f51,tactless.feedback,available,9.98,489.98,high,low,8,namecheap,,,11/09/2026 07:02
8be2e72b-dbe9-4415-9dc9-e64a2fd8f8c9,dragged.feedback,available,9.99,329.99,medium,low,7,namesilo,,,27/09/2026 10:34
3c96c0ea-bb1a-43fd-96eb-af47c71a3f56,tablespoons.feedback,available,9.99,329.99,medium,low,11,namesilo,,,20/09/2026 10:16
a0c63f58-acb0-400c-904b-9a097fffbff7,defiled.feedback,available,9.98,489.98,medium,low,7,namecheap,,,13/08/2026 23:24
42d0465c-06c3-4b5c-8d87-b82d41a62956,abrachia.feedback,available,9.99,329.99,medium,low,8,namesilo,,,16/09/2026 16:47
867d2380-7bd7-454e-8dc8-a345341204d7,diaper.feedback,available,9.98,489.98,high,low,6,namecheap,,,03/09/2026 13:09
3ab60a6b-878d-499f-a038-16e9974799f5,kassel.feedback,available,9,310.7,high,low,6,spaceship,,,29/09/2026 22:13
c735362d-5e58-4b20-9ab3-47e890008c05,vanderbilt.feedback,available,9.99,329.99,high,low,10,namesilo,,,25/09/2026 04:24
3ae0a470-c5e8-460e-90fa-f45c0bd9f159,mecca.feedback,available,15.99,,high,low,5,name.com,,,
99e6b3dc-d55d-4a13-8545-b1a2ac46e9c2,doubt.feedback,available,9.99,329.99,high,low,5,namesilo,,,29/09/2026 16:37
339e8e58-1bc8-4972-a5e5-8c3015a98963,monocled.feedback,available,9.98,489.98,medium,low,8,namecheap,,,09/08/2026 17:15
90a02d56-f813-4711-8530-3e3115b5692d,abducent.feedback,available,9.98,489.98,medium,low,8,namecheap,,,
1033d2cd-0256-44d4-9d89-dcba1dba9b39,ennead.feedback,available,9.98,489.98,medium,low,6,namecheap,,,
fea4e73e-8658-42bf-80b4-838b1f92d109,unobserved.feedback,available,9.98,489.98,medium,low,10,namecheap,,,12/09/2026 16:04
28c6498d-5c97-4a79-b28e-1100f0691c7a,ripped.feedback,available,9.99,329.99,high,low,6,namesilo,,,27/09/2026 17:41
941244c6-b12c-4929-a9d7-641fcfcba166,paw.feedback,premium,9,414.2,high,low,3,spaceship,,,30/09/2026 01:49
d6f31e41-6e85-44cc-8668-ac6d7e8bcf8a,marital.feedback,available,9.98,489.98,high,low,7,namecheap,,,24/08/2026 15:56
a08ff3fb-5aaf-4606-9025-847f8387f33e,ecosystem.feedback,available,9.98,489.98,high,low,9,namecheap,,,28/09/2026 02:43
8b3cd503-2150-4701-93c7-a58e8a2ca9ee,pangolin.feedback,available,9.99,329.99,high,low,8,namesilo,,,19/09/2026 12:39
e83a521a-b29f-4063-adee-8e0746183700,listless.feedback,available,9.98,489.98,medium,low,8,namecheap,,,14/08/2026 12:00
13bc7fd9-81f6-4313-83da-ee65add53bcd,reliant.feedback,available,9.98,489.98,high,low,7,namecheap,,,09/09/2026 13:35
c8664532-1909-47eb-8099-fdc10e8ef45b,bjs.feedback,premium,512,512,high,low,3,namesilo,,,23/09/2026 23:25
8f9a8d86-c23c-47d7-8ba1-e9ab99d3be44,webbed.feedback,available,9.98,489.98,medium,low,6,namecheap,,,03/09/2026 16:04
2d37f02a-6fef-4522-8f2c-d5504e10ef67,yielding.feedback,available,9.98,489.98,high,low,8,namecheap,,,13/09/2026 14:36
23cb89f9-cf6a-4dce-88ee-1a6d35281695,lid.feedback,premium,512,512,high,low,3,namesilo,,,24/09/2026 13:43
fb72a6c6-6ac9-42c4-ac6f-dad0e2cd12d4,lair.feedback,available,9.99,321.22,high,low,4,dynadot,,,30/09/2026 01:19
b00d718f-02a9-44b5-94da-fbbb6fd33565,ascendance.feedback,available,9.99,329.99,high,low,10,namesilo,,,20/09/2026 13:03
9cbaf6ad-8712-4950-9939-de52f701611f,proclamation.feedback,available,300.2,300.2,high,low,12,cloudflare,,,29/09/2026 16:06
0ca00e57-e5a9-4e70-be09-7c3e0f3d25dd,lamppost.feedback,available,9.99,329.99,high,low,8,namesilo,,,30/09/2026 02:00
820c6ec0-f56c-44ae-a439-4e72e9a52289,endurable.feedback,available,9.98,489.98,medium,low,9,namecheap,,,09/08/2026 04:33
97134cc4-605d-4cad-8164-069d7ccfeda3,firmly.feedback,available,9.99,329.99,high,low,6,namesilo,,,19/09/2026 17:07
175195f2-9b74-416a-8efe-127bfa4c6dc0,aciculate.feedback,available,9.98,489.98,medium,low,9,namecheap,,,
73855966-0140-44a5-9ffc-82d7667093a9,multiplex.feedback,available,9.98,489.98,high,low,9,namecheap,,,24/08/2026 15:08
1e48a323-8d4d-48ed-a667-492bba5177c1,snoopy.feedback,available,9.98,489.98,medium,low,6,namecheap,,,03/09/2026 21:54
189b6d9c-a0b7-49ef-8f1b-45625c90da46,undue.feedback,available,9.98,489.98,medium,low,5,namecheap,,,17/08/2026 16:19
e7840b13-d93c-4411-8f3b-350fdc43cb90,jillion.feedback,available,9.98,489.98,medium,low,7,namecheap,,,11/09/2026 19:52
2fdb2fdd-23c0-4c7b-894c-364a3443c78d,alar.feedback,available,9.98,489.98,medium,low,4,namecheap,,,
652ebe23-bed8-4121-acdf-3f7151ddb45c,hooks.feedback,available,9,310.7,medium,low,5,spaceship,,,28/09/2026 10:05
4d86fee4-ad93-4f67-9208-c7d932d1fe22,welcoming.feedback,available,9.98,489.98,high,low,9,namecheap,,,13/09/2026 10:14
c82c33ab-6204-4333-b358-dbb1a9ccc405,plummy.feedback,available,9.98,489.98,medium,low,6,namecheap,,,08/09/2026 21:51
30223a19-a90e-4c90-b3c9-452975b7bb56,stuck.feedback,available,9,310.7,medium,low,5,spaceship,,,28/09/2026 01:42
f8f4928e-a770-4458-805c-8c03746f2ab8,compelling.feedback,available,9.99,329.99,high,low,10,namesilo,,,23/09/2026 17:02
215be81c-cc9e-448d-a6cd-b5edad532009,ampulla.feedback,available,9.98,489.98,medium,low,7,namecheap,,,18/09/2026 23:51
a6055b23-bc48-49b2-b641-20a62678c0ac,bellicose.feedback,available,9.98,489.98,low,low,9,namecheap,,,09/08/2026 01:44
5cf412c9-1297-458a-b247-3ce0feb3961d,strapped.feedback,available,9,310.7,medium,low,8,spaceship,,,30/09/2026 00:36
ea0ef80b-a623-4ecf-8263-f5eddea9ea84,aegir.feedback,available,9.98,489.98,medium,low,5,namecheap,,,14/08/2026 22:18
bf3e080f-1d44-4f3f-ac53-851d8e534e1d,bertolucci.feedback,available,9.99,329.99,medium,low,10,namesilo,,,23/09/2026 09:50
848d1ab2-efb0-480c-b3ff-12d7b6e872b5,swazi.feedback,available,9.98,489.98,high,low,5,namecheap,,,11/09/2026 05:27
9dfc398b-86b0-4727-b4ab-3aa5712fe1b2,leger.feedback,available,9.98,489.98,medium,low,5,namecheap,,,16/09/2026 23:07
ecb1ab89-fa04-485d-9d86-4f9182562b1f,spooky.feedback,available,9.98,489.98,high,low,6,namecheap,,,10/09/2026 09:49
8e0958fd-6137-4628-8759-577d1839a387,stabilized.feedback,available,9.98,489.98,high,low,10,namecheap,,,10/09/2026 17:54
b67b9c91-7951-4a6c-9bbd-79dbfbf45ca7,prelate.feedback,available,9.99,329.99,medium,low,7,namesilo,,,20/09/2026 02:36
f8cbedd7-be9a-4875-920b-015a8214b0bc,boxes.feedback,available,9.99,329.99,medium,low,5,namesilo,,,17/09/2026 04:37
d1a2d2ee-37ec-4cc7-942f-a83ebabeb39e,puffy.feedback,available,9.98,489.98,high,low,5,namecheap,,,10/08/2026 21:34
0eddcd88-c57a-4076-8810-627f230a978f,andira.feedback,available,9.99,329.99,medium,low,6,namesilo,,,19/09/2026 04:05
7803df22-35e1-45bc-a87c-3fd431dfa76c,chest.feedback,available,9.99,329.99,high,low,5,namesilo,,,24/09/2026 10:14
8f958a69-024d-40f1-964b-ba12cfb07d8f,bellflower.feedback,available,9.99,329.99,high,low,10,namesilo,,,23/09/2026 06:06
1c2e8912-5b6d-4cac-9b8f-96b739d79f95,flexibility.feedback,available,9.99,329.99,high,low,11,namesilo,,,29/09/2026 16:16
445e24f3-e5ed-4d56-9409-86637a088a38,moonlit.feedback,available,9.98,489.98,high,low,7,namecheap,,,25/08/2026 05:56
ec7cbffe-25cd-41a1-8b6e-d7bbc85e0cdb,synovial.feedback,available,9.98,489.98,medium,low,8,namecheap,,,11/09/2026 06:37
029511e3-36db-4b1a-9670-7ee70a0cd58c,erectile.feedback,available,9.98,489.98,medium,low,8,namecheap,,,17/08/2026 12:07
601a70fd-9b8a-4019-b2c3-feffd7e935e1,bandanna.feedback,available,9.99,329.99,high,low,8,namesilo,,,22/09/2026 00:59
a6e2f75a-aafd-4d5e-a9ce-c5978135bde9,tables.feedback,available,9.99,329.99,high,low,6,namesilo,,,27/09/2026 02:00
f8cc2be5-574e-4a45-a0bf-923e9c5c24b1,independence.feedback,available,9,310.7,high,low,12,spaceship,,,28/09/2026 11:42
c2cde75f-760a-4ffe-bd22-c9ac3ee7a050,shiatsu.feedback,available,15.99,799.99,high,low,7,name.com,,,17/09/2026 05:40
06d0e950-9915-45f3-be6a-7821baf4d60a,vertically.feedback,available,15.99,799.99,medium,low,10,name.com,,,16/09/2026 10:53
96593929-bb86-4baa-86d3-37278fa4d1e3,nobles.feedback,available,9.99,329.99,high,low,6,namesilo,,,29/09/2026 15:05
9c4b3113-6a88-415d-b9c4-1257e3cbaabb,lice.feedback,available,9.99,321.22,low,low,4,dynadot,,,29/09/2026 23:05
f34ac1f3-de17-4c3b-bfd0-bb017af922f0,statehood.feedback,available,15.99,,high,low,9,name.com,,,
adf90620-d67b-4339-bb18-58bdb479858a,revoked.feedback,available,9.99,329.99,medium,low,7,namesilo,,,30/09/2026 00:45
d8db98ab-2b75-43c4-94a5-5c95d7e28f71,gears.feedback,available,15.99,,medium,low,5,name.com,,,
84cdaea9-f13e-4a1c-9e57-5c088f837183,autocrat.feedback,available,9.99,329.99,medium,low,8,namesilo,,,21/09/2026 06:11
1b5937ae-e73c-4646-8615-82d6424677c6,nonzero.feedback,available,9.98,489.98,high,low,8,namecheap,,,03/09/2026 18:39
12dc5880-e8d8-4181-ac83-6ff9df00edec,drummer.feedback,available,9.99,329.99,medium,low,7,namesilo,,,28/09/2026 09:32
498f6448-5eab-454d-a1da-7fbb90b1fad7,feculent.feedback,available,9.98,489.98,low,low,8,namecheap,,,18/08/2026 00:32
9e55a0e2-caba-4a49-91fb-dda3dff77d98,rustic.feedback,available,9.98,489.98,high,low,6,namecheap,,,
33c25ef6-07f2-4c4e-a69d-ad36bd752fef,chestnut.feedback,available,9.99,329.99,high,low,8,namesilo,,,23/09/2026 14:04
18cc7650-1721-4b54-bf2e-466393e6638b,blowing.feedback,available,9.99,329.99,medium,low,7,namesilo,,,25/09/2026 00:21
3ef8dd70-7dbc-4a7e-88fe-6f1549d23f93,engines.feedback,available,9.98,489.98,medium,low,7,namecheap,,,19/09/2026 19:59
14450b5b-c9a4-4194-bdef-04515e8c07ab,steep.feedback,available,9.98,489.98,high,low,5,namecheap,,,17/08/2026 17:40
92f856ed-d32f-4d8c-a2c2-fc74aa280982,actin.feedback,available,9.98,489.98,medium,low,5,namecheap,,,17/09/2026 04:37
57370ffd-cc3e-457a-95aa-79f7264468ec,reminds.feedback,available,9.98,489.98,medium,low,7,namecheap,,,27/09/2026 03:09
185f5e27-806d-4a5a-8947-cdb82f3e82ca,blistering.feedback,available,9.98,489.98,high,low,10,namecheap,,,
f1479c69-5e53-47b1-993d-cb6de0bb4ad9,wasted.feedback,available,9.99,329.99,medium,low,6,namesilo,,,22/09/2026 11:10
0c9c8379-df39-4c3d-a233-a1fff4e63b6e,fatigue.feedback,available,9.99,329.99,high,low,7,namesilo,,,25/09/2026 11:36
72235aa9-8b7c-42e9-8102-4dd116765f4a,apprentice.feedback,available,9.99,329.99,high,low,10,namesilo,,,19/09/2026 22:15
81861696-e79c-4d6c-8f85-2fa48c41ad43,englewood.feedback,available,9,310.7,medium,low,9,spaceship,,,28/09/2026 16:54
f767a374-5abd-4523-bf0d-8d4395708ea6,mortgaged.feedback,available,9.98,489.98,medium,low,9,namecheap,,,25/08/2026 06:38
99d8324f-81fa-4249-a941-cfbba2df3666,redo.feedback,available,15.99,,high,low,4,name.com,,,
cbe8b00a-72ba-4fa8-a4b9-e9a4bd4b7255,amman.feedback,available,9.99,329.99,high,low,5,namesilo,,,18/09/2026 21:59
7257b5fd-5350-456b-8884-368b33227717,brabant.feedback,available,9.98,489.98,high,low,7,namecheap,,,29/09/2026 08:28
6cb39685-bbbb-4a40-98a3-dfe19297e4bd,czechoslovak.feedback,available,9.99,329.99,high,low,12,namesilo,,,26/09/2026 03:18
2407e154-ff1b-4f83-be42-6a0a5f4dc477,edamame.feedback,available,9.99,329.99,high,low,7,namesilo,,,20/09/2026 02:22
9d9e29e0-2e7c-44da-9a30-6e19f652995d,kitts.feedback,available,300.2,300.2,medium,low,5,cloudflare,,,29/09/2026 09:58
ac932538-9495-442c-af97-2165d81ac534,barnburner.feedback,available,9.99,329.99,medium,low,10,namesilo,,,22/09/2026 06:49
e863c8b6-f246-49f4-abde-a2306e0369a2,hint.feedback,available,9.99,329.99,high,low,4,namesilo,,,24/09/2026 16:07
a3c39fe1-f0b8-4e05-9bd5-a1040a10d7d3,settled.feedback,available,9.98,489.98,high,low,7,namecheap,,,12/08/2026 17:27